participant_id,best_nll,best_initial_guess,best_parameters,total_nll,AIC,BIC
1,173.28679513998665,"[2.8847080685114634, 0.9958946771802369]",[2.08289469 1.        ],173.28679513998665,350.5735902799733,357.6165121156978
2,169.9791481616917,"[0.12606656271648586, 0.6211170578950136]",[0.06676227 0.01653917],343.26594330167836,343.9582963233834,351.0012181591079
3,173.28679513998665,"[1.3541916032726453, 0.04818076773201896]",[0. 1.],516.552738441665,350.5735902799733,357.6165121156978
4,135.97711835027312,"[1.4751102585271558, 0.857166357659327]",[0.10855693 0.01468255],652.5298567919382,275.95423670054623,282.9971585362707
5,172.270547232816,"[0.1636661388509958, 0.17133052095224455]",[0.14273985 0.0717333 ],824.8004040247542,348.541094465632,355.5840163013565
6,142.62435307335417,"[3.532950548362486, 0.9341184417938964]",[1.58485747 0.67057493],967.4247570981084,289.24870614670834,296.29162798243283
7,165.29222737602203,"[0.2656190944886522, 0.4807408406492435]",[0.11540823 0.04137729],1132.7169844741304,334.58445475204405,341.62737658776854
8,173.28679513998665,"[2.6971041955981674, 0.8314619289781839]",[0. 1.],1306.003779614117,350.5735902799733,357.6165121156978
9,149.28509541626966,"[0.4490008294322245, 0.8554911711641244]",[0.16516358 0.03347649],1455.2888750303869,302.5701908325393,309.6131126682638
10,103.22392943047498,"[0.717615359090108, 0.12924339411506391]",[0.27623057 0.03534384],1558.5128044608618,210.44785886094996,217.49078069667445
11,167.94319638376172,"[1.2429874441377557, 0.35661750111823665]",[0.88131277 0.40158761],1726.4560008446235,339.88639276752343,346.9293146032479
12,143.0644901217665,"[1.4779597863751186, 0.5089495732891183]",[0.06270765 0.00443509],1869.52049096639,290.128980243533,297.1719020792575
13,162.39851897775327,"[1.757041204041383, 0.7944194162345048]",[0.38146739 0.12680307],2031.9190099441435,328.79703795550654,335.839959791231
14,173.28679513998665,"[0.7087871222443021, 0.5316482168442549]",[0. 1.],2205.20580508413,350.5735902799733,357.6165121156978
15,173.28679513998665,"[3.280498520400015, 0.2928552383574219]",[0. 1.],2378.492600224117,350.5735902799733,357.6165121156978
16,173.28679513998665,"[3.8784413727235325, 0.42567879649265916]",[0. 1.],2551.7793953641035,350.5735902799733,357.6165121156978
17,80.3011176099532,"[0.07017360495592595, 0.9532403223787601]",[0.2338176  0.02475163],2632.0805129740565,164.6022352199064,171.64515705563088
18,140.8642606745931,"[0.5541359999859369, 0.13598244148876026]",[0.14322256 0.        ],2772.9447736486495,285.7285213491862,292.7714431849107
19,169.6564122303918,"[1.3413340024388924, 0.7678796822270793]",[5.         0.99625538],2942.601185879041,343.3128244607836,350.3557462965081
20,111.4988065136937,"[1.5410684198546132, 0.63639751733821]",[0.07428359 0.        ],3054.0999923927347,226.9976130273874,234.04053486311187
21,151.9046549672938,"[0.6425664290363398, 0.5032921254351357]",[5.         0.99358789],3206.0046473600287,307.8093099345876,314.8522317703121
22,171.9817899029932,"[0.44606195503909096, 0.7307975194722526]",[5.         0.99846806],3377.986437263022,347.9635798059864,355.0065016417109
23,171.7017570978065,"[0.10614114495743177, 0.49334809804267443]",[0.01896538 0.00574198],3549.688194360828,347.403514195613,354.4464360313375
24,173.28679513998665,"[2.2316659231560925, 0.7795366351130526]",[0. 1.],3722.974989500815,350.5735902799733,357.6165121156978
25,124.31172220388449,"[1.7340163120752294, 0.46905821368575984]",[0.72852676 0.1709424 ],3847.2867117046994,252.62344440776897,259.6663662434935
26,171.71716516191267,"[0.07490529218924014, 0.8066902016206062]",[0.38106301 0.32799067],4019.0038768666122,347.43433032382535,354.47725215954983
27,44.821983938092544,"[1.4624403709978584, 0.6556807487086515]",[0.70557244 0.06751783],4063.825860804705,93.64396787618509,100.68688971190957
28,173.28679513998665,"[0.44146585294524143, 0.30556870080873777]",[0. 1.],4237.112655944691,350.5735902799733,357.6165121156978
29,173.28679513998665,"[4.533667021813398, 0.5553035059176765]",[0. 1.],4410.399451084678,350.5735902799733,357.6165121156978
30,172.4841778339122,"[0.021294343633253554, 0.5985433540535658]",[0.07473598 0.05804378],4582.88362891859,348.9683556678244,356.0112775035489
31,169.32857148910892,"[0.8204642476315166, 0.8928160061427186]",[1.10086906 0.61901273],4752.212200407699,342.65714297821785,349.70006481394233
32,107.90761840493374,"[0.7449543279202259, 0.9654706714985359]",[0.2736339  0.03924116],4860.119818812633,219.81523680986749,226.85815864559197
33,173.28679513998665,"[2.5542509103105666, 0.1385641052319979]",[0. 1.],5033.406613952619,350.5735902799733,357.6165121156978
34,172.99242019819502,"[0.1926811489913438, 0.3480713633685856]",[0.17208351 0.23845849],5206.399034150814,349.98484039639004,357.0277622321145
35,172.97191001106054,"[0.03793645436193316, 0.030239004282150317]",[0.0092296  0.00238333],5379.370944161875,349.9438200221211,356.9867418578456
36,173.28679513998665,"[4.804797765568799, 0.8939168508687002]",[0. 1.],5552.6577393018615,350.5735902799733,357.6165121156978
37,166.18061611219608,"[1.1368892035121703, 0.5598585661057713]",[0.48090643 0.17229679],5718.838355414057,336.36123222439215,343.40415406011664
38,168.48166622021438,"[0.22841450254085072, 0.4867250179774375]",[0.16321696 0.07989972],5887.320021634272,340.96333244042876,348.00625427615324
39,62.709480054748475,"[4.442665655026599, 0.09880288184051012]",[0.13253172 0.        ],5950.02950168902,129.41896010949694,136.46188194522145
40,145.36984593811664,"[0.501180536739253, 0.25869703498295626]",[0.07938755 0.        ],6095.399347627137,294.7396918762333,301.78261371195777
41,170.88118486536362,"[0.2226444400335631, 0.4569328052324395]",[0.02914007 0.00974182],6266.280532492501,345.76236973072724,352.80529156645173
42,113.71798653628987,"[0.4316634605312514, 0.7954095147972035]",[0.33700953 0.07820876],6379.998519028791,231.43597307257974,238.47889490830423
43,153.65700078170406,"[2.315233818684161, 0.9606986779964045]",[2.90677623 0.91156174],6533.655519810495,311.3140015634081,318.3569233991326
44,51.896057831300595,"[0.5246120383967257, 0.7124129780777938]",[0.59113121 0.06571498],6585.551577641796,107.79211566260119,114.83503749832568
45,171.09845094639397,"[1.8330098317466992, 0.9803448741041453]",[5.         0.99708036],6756.65002858819,346.19690189278793,353.2398237285124
46,173.28679513998665,"[1.9677573485843465, 0.5507188151298114]",[0. 1.],6929.936823728177,350.5735902799733,357.6165121156978
47,55.53795061403391,"[3.6755415352125165, 0.6791897269614575]",[5.         0.82188966],6985.474774342211,115.07590122806782,122.11882306379232
48,136.92731115181402,"[0.25204746980172943, 0.8549422128723069]",[2.50749519 0.78070731],7122.402085494025,277.85462230362805,284.89754413935253
49,170.55767951432378,"[3.3367823382354405, 0.968821358469228]",[2.02251087 0.90652549],7292.959765008349,345.11535902864756,352.15828086437205
50,164.90793664557,"[1.247265184993072, 0.69350146272654]",[0.09328417 0.02947204],7457.867701653919,333.81587329114,340.8587951268645
51,136.85773921182363,"[2.2355168316862732, 0.9343575015757345]",[0.20434035 0.03230184],7594.725440865743,277.71547842364726,284.75840025937174
52,173.28679513998665,"[1.1161348753229565, 0.9339051619236047]",[0. 1.],7768.012236005729,350.5735902799733,357.6165121156978
53,141.348169835173,"[2.1546650594762866, 0.6083246921265004]",[0.73261835 0.16068978],7909.360405840903,286.696339670346,293.7392615060705
54,173.10556005805176,"[0.30705396478478364, 0.8924755861343937]",[5.         0.99923671],8082.465965898955,350.21112011610353,357.254041951828
55,172.8400597115684,"[0.6595919281072193, 0.6896720775902659]",[0.29840642 0.52432919],8255.306025610524,349.6801194231368,356.72304125886126
56,172.15622556271052,"[0.06244964901474803, 0.7034887515180991]",[0.33579133 0.38554253],8427.462251173234,348.31245112542103,355.3553729611455
57,173.28679513998665,"[3.610901867851139, 0.7947338156939662]",[0. 1.],8600.74904631322,350.5735902799733,357.6165121156978
58,173.28679513998665,"[0.6824632870424663, 0.3818823923481308]",[0. 1.],8774.035841453206,350.5735902799733,357.6165121156978
59,151.4725200047489,"[2.446123112708007, 0.7764916381990306]",[1.46160806 0.40225435],8925.508361457954,306.9450400094978,313.9879618452223
60,169.81041839388715,"[0.2712026148207475, 0.6957270879155097]",[0.0254621 0.       ],9095.318779851841,343.6208367877743,350.6637586234988
61,173.28679513998665,"[1.9023337267848928, 0.6134666424607242]",[0. 1.],9268.605574991827,350.5735902799733,357.6165121156978
62,173.28679513998665,"[3.1200360585488247, 0.09739356311359537]",[0. 1.],9441.892370131813,350.5735902799733,357.6165121156978
63,108.18665915254374,"[0.811137067917897, 0.3392330660120817]",[1.2030422  0.27218336],9550.079029284356,220.37331830508748,227.41624014081196
64,44.92452104181146,"[2.9313465908985425, 0.6167209963164197]",[0.2722147  0.01017933],9595.003550326168,93.84904208362292,100.8919639193474
65,173.08110016561417,"[1.2586437611653016, 0.9335277756767761]",[5.         0.99929379],9768.084650491783,350.16220033122835,357.20512216695283
66,112.54759113767747,"[1.3628017333163267, 0.30283958045977055]",[5.         0.97681484],9880.63224162946,229.09518227535494,236.13810411107943
67,173.28679513998665,"[3.638412180198624, 0.5585304224675012]",[0. 1.],10053.919036769446,350.5735902799733,357.6165121156978
68,173.28679513998665,"[4.093204860437125, 0.5550581308724456]",[0. 1.],10227.205831909432,350.5735902799733,357.6165121156978
69,168.44412235630946,"[0.5628100074552395, 0.9571040999627691]",[5.         0.99652406],10395.649954265742,340.8882447126189,347.9311665483434
70,173.28679513998665,"[0.09750794912890992, 0.5579807951514673]",[0. 1.],10568.936749405728,350.5735902799733,357.6165121156978
71,167.61699709892426,"[0.1812659031405317, 0.41044779116218844]",[0.0569978  0.01361769],10736.553746504653,339.2339941978485,346.276916033573
72,169.4309405857568,"[0.2622691600117649, 0.24472608422111364]",[0.14822548 0.03874643],10905.98468709041,342.8618811715136,349.90480300723806
73,173.28679513998665,"[2.028682778667773, 0.5022575023773616]",[0. 1.],11079.271482230395,350.5735902799733,357.6165121156978
74,119.43665613717477,"[1.0787976913085169, 0.07472184661645198]",[0.52231611 0.0426824 ],11198.70813836757,242.87331227434953,249.91623411007402
75,161.25489557193524,"[0.5201315364336839, 0.4107123859562174]",[5.         0.99545105],11359.963033939506,326.5097911438705,333.55271297959496
76,173.28679513998665,"[1.3351496419168418, 0.7572716010883939]",[0. 1.],11533.249829079492,350.5735902799733,357.6165121156978
77,65.05349929030538,"[0.9384449933759542, 0.5669920954748567]",[0.8474418  0.12122445],11598.303328369797,134.10699858061076,141.14992041633525
78,170.55766056980022,"[0.2705763245428483, 0.07023175509102741]",[0.28243074 0.13440573],11768.860988939598,345.11532113960044,352.1582429753249
79,154.09554813769194,"[0.09655611852489199, 0.06184133580679918]",[0.04412088 0.        ],11922.956537077289,312.19109627538387,319.23401811110836
80,24.371321116090293,"[0.41566484678772275, 0.8570559235275327]",[1.20708723 0.03068825],11947.32785819338,52.742642232180586,59.78556406790508
81,143.36761304283826,"[2.007868951972209, 0.9963196549376291]",[1.26174089 0.41981221],12090.695471236217,290.7352260856765,297.778147921401
82,155.87846258284446,"[0.21930284704113068, 0.31761382357511336]",[0.07519167 0.01098338],12246.573933819061,315.7569251656889,322.7998470014134
83,150.4347309367731,"[0.26896552113762795, 0.923366270298337]",[0.0493352 0.       ],12397.008664755835,304.8694618735462,311.91238370927067
84,168.21291146653766,"[0.4037543877127875, 0.31116275604693455]",[0.12581066 0.06905642],12565.221576222371,340.4258229330753,347.4687447687998
85,142.09478190423434,"[2.6002516535479856, 0.0010641823096511072]",[0.06769977 0.00780948],12707.316358126605,288.1895638084687,295.23248564419316
86,171.71506238266628,"[0.943182300050367, 0.6130318790013269]",[0.88365143 0.6527808 ],12879.03142050927,347.43012476533255,354.47304660105704
87,171.04274780977715,"[0.8725106561594353, 0.7556194720472459]",[2.01532158 0.93680325],13050.074168319048,346.0854956195543,353.1284174552788
88,128.84186414285048,"[0.10798119765848713, 0.7437798878251947]",[0.13874768 0.02405647],13178.916032461899,261.68372828570097,268.72665012142545
89,170.5749354395936,"[1.6853999725169437, 0.8957823366305103]",[0.42689584 0.3586248 ],13349.490967901493,345.1498708791872,352.19279271491166
90,169.1309746362828,"[2.1534483255980392, 0.8670097214375372]",[3.46980628 0.98239261],13518.621942537775,342.2619492725656,349.30487110829006
91,172.58167761344163,"[2.319509829774089, 0.9723413888172195]",[5.         0.99809291],13691.203620151216,349.16335522688325,356.20627706260774
92,173.04742107303028,"[1.8592535035380187, 0.9732114494512629]",[0.32062843 0.68071102],13864.251041224246,350.09484214606056,357.13776398178504
93,172.9876696167445,"[3.88501636663447, 0.011148837661693722]",[0.04010546 0.04184457],14037.238710840991,349.975339233489,357.0182610692135
94,172.4447074343684,"[0.22990784673027898, 0.2353243185438213]",[0.37164658 0.4481963 ],14209.68341827536,348.8894148687368,355.9323367044613
95,173.28679513998665,"[4.918818675887363, 0.2687539185597857]",[0. 1.],14382.970213415345,350.5735902799733,357.6165121156978
96,138.25312961618692,"[0.5307109861923986, 0.06803631237349661]",[0.09525967 0.        ],14521.223343031532,280.50625923237385,287.54918106809833
97,173.28679513998665,"[2.94786533505522, 0.43278397617306397]",[0. 1.],14694.510138171518,350.5735902799733,357.6165121156978
98,173.09278023848339,"[0.4598372791061478, 0.6462833960917218]",[0.20941725 0.44701873],14867.60291841,350.18556047696677,357.22848231269126
99,173.28679513998665,"[3.012417527566829, 0.21713915950046614]",[0. 1.],15040.889713549986,350.5735902799733,357.6165121156978
100,115.21896874150829,"[0.9052232632631124, 0.4259692164339518]",[0.07653787 0.        ],15156.108682291495,234.43793748301658,241.48085931874107
101,149.95895117696452,"[0.7242063360250939, 0.14573270953761353]",[0.07842572 0.        ],15306.06763346846,303.91790235392904,310.9608241896535
102,173.28679513998665,"[1.163321980707705, 0.5625768591443191]",[0. 1.],15479.354428608445,350.5735902799733,357.6165121156978
103,128.19027069589276,"[3.1889103559238774, 0.8852123015639107]",[1.24480676 0.26119686],15607.544699304339,260.3805413917855,267.42346322751
104,157.23987505072537,"[0.34210859543996663, 0.32681402236523716]",[0.05060799 0.        ],15764.784574355064,318.47975010145075,325.52267193717523
105,109.2770343162218,"[1.156334201620287, 0.7242411976265608]",[0.09599824 0.        ],15874.061608671285,222.5540686324436,229.5969904681681
106,130.53961140362804,"[2.3613066783413474, 0.753276796509754]",[2.78528875 0.80484175],16004.601220074914,265.0792228072561,272.1221446429806
107,164.88724402804846,"[1.3507046884094798, 0.8563438513958062]",[0.40029669 0.09644125],16169.488464102962,333.7744880560969,340.8174098918214
108,155.71061802252558,"[0.34710491444631786, 0.34060789959401205]",[1.09543321 0.46610093],16325.199082125488,315.42123604505116,322.46415788077564
109,173.28679513998665,"[2.806255076327516, 0.6252609138973961]",[0. 1.],16498.485877265473,350.5735902799733,357.6165121156978
110,173.28679513998665,"[4.8427802941629565, 0.7175808926815176]",[0. 1.],16671.77267240546,350.5735902799733,357.6165121156978
111,110.17075987620422,"[4.257432004390458, 0.004484477711183654]",[0.07255023 0.00374827],16781.943432281663,224.34151975240843,231.38444158813292
112,173.28679513998665,"[4.4427789951228185, 0.7274454094186694]",[0. 1.],16955.23022742165,350.5735902799733,357.6165121156978
113,162.16798458306818,"[0.48936412744736923, 0.9043286480195014]",[0.8349851 0.3529466],17117.39821200472,328.33596916613635,335.37889100186084
114,173.28679513998665,"[1.9326085112916531, 0.16620482304668016]",[0. 1.],17290.685007144704,350.5735902799733,357.6165121156978
115,160.53945025969276,"[0.12086397580576558, 0.5861814131758915]",[0.04037284 0.        ],17451.224457404398,325.0789005193855,332.12182235511
116,143.3130663164422,"[0.5668890552062594, 0.28395952982496186]",[0.28794089 0.07990774],17594.53752372084,290.6261326328844,297.66905446860886
117,144.8243281596177,"[0.0633033530287408, 0.9328935811517574]",[0.31809428 0.0689409 ],17739.361851880458,293.6486563192354,300.69157815495987
118,171.2246212192816,"[0.982694487347609, 0.5802906899921579]",[0.69140654 0.43912114],17910.58647309974,346.4492424385632,353.4921642742877
119,160.73966679589967,"[0.47498905425873483, 0.9348492992905457]",[0.15075866 0.03690027],18071.32613989564,325.47933359179933,332.5222554275238
120,173.28679513998665,"[3.7898899042410124, 0.8673162014975727]",[0. 1.],18244.612935035624,350.5735902799733,357.6165121156978
121,173.28679513998665,"[0.05687681039429682, 0.047556988447994386]",[0. 1.],18417.89973017561,350.5735902799733,357.6165121156978
122,170.00422349453672,"[0.6673117165784564, 0.45248685398402066]",[0.7951155  0.54077339],18587.903953670146,344.00844698907343,351.0513688247979
123,128.0111140373378,"[0.7717320283376866, 0.8756700251050057]",[0.89618883 0.1748203 ],18715.915067707483,260.0222280746756,267.06514991040007
124,169.76218528449695,"[0.45616340678574563, 0.6358554457248132]",[0.25155809 0.05855466],18885.67725299198,343.5243705689939,350.5672924047184
125,156.5158113233403,"[4.02362382152313, 0.9460394762990366]",[2.81637157 0.90039908],19042.19306431532,317.0316226466806,324.0745444824051
126,135.59965381469905,"[0.13400567262934093, 0.00470140444221534]",[0.0951251 0.       ],19177.79271813002,275.1993076293981,282.2422294651226
127,85.36355122788375,"[3.192255495503792, 0.7659559432232661]",[0.47730488 0.06437472],19263.156269357904,174.7271024557675,181.77002429149198
128,163.83855883539113,"[0.12615163664449425, 0.3924582292375772]",[0.13286595 0.03753126],19426.994828193296,331.67711767078225,338.72003950650674
129,154.90260392306703,"[1.9971075175872248, 0.9727253669141555]",[0.65801031 0.2688253 ],19581.897432116362,313.80520784613407,320.84812968185855
130,173.28679513998665,"[4.820493267563503, 0.1509972136130765]",[0. 1.],19755.184227256348,350.5735902799733,357.6165121156978
131,72.05743612471771,"[2.7197843137228372, 0.7583642798469966]",[0.32470562 0.03739882],19827.241663381064,148.11487224943542,155.1577940851599
132,173.28679513998665,"[4.751856094098753, 0.44283495685641927]",[0. 1.],20000.52845852105,350.5735902799733,357.6165121156978
133,173.28679513998665,"[2.306848294857342, 0.08301142059683586]",[0. 1.],20173.815253661036,350.5735902799733,357.6165121156978
134,154.48612058323374,"[2.0187140550376146, 0.7267950456310656]",[0.14084908 0.03104125],20328.30137424427,312.9722411664675,320.01516300219197
135,173.28679513998665,"[4.8271488824360205, 0.2647123692478137]",[0. 1.],20501.588169384257,350.5735902799733,357.6165121156978
136,173.05595143886094,"[0.07425079640502819, 0.20425939757051614]",[0.05456511 0.06909359],20674.64412082312,350.1119028777219,357.1548247134464
137,172.77670531417618,"[1.543000200371949, 0.9939404040636551]",[0.86869808 0.81543797],20847.420826137295,349.55341062835237,356.59633246407685
138,163.86582122515765,"[0.5625754728108262, 0.19699312857808082]",[0.16616168 0.05860927],21011.286647362453,331.7316424503153,338.7745642860398
139,77.79499963012013,"[4.049885792530111, 0.7500112467303066]",[0.72432171 0.12689648],21089.081646992574,159.58999926024026,166.63292109596475
140,173.28238229637324,"[0.5189541419726024, 0.8492050916126105]",[0.07155557 0.7063689 ],21262.364029288947,350.5647645927465,357.60768642847097
141,173.28679513998665,"[1.8334470916918084, 0.6918224440598516]",[0. 1.],21435.650824428933,350.5735902799733,357.6165121156978
142,109.25614566542077,"[0.30966233958384437, 0.9682607192029752]",[0.57294054 0.1060931 ],21544.906970094355,222.51229133084155,229.55521316656603
143,171.59653461734987,"[0.714490464074124, 0.9694197380373395]",[2.28831457 0.96637986],21716.503504711705,347.19306923469975,354.23599107042423
144,173.28679513998665,"[1.1884080729326452, 0.5915346763886057]",[0. 1.],21889.79029985169,350.5735902799733,357.6165121156978
145,173.28679513998665,"[2.2582732427579084, 0.6796415015166797]",[0. 1.],22063.077094991677,350.5735902799733,357.6165121156978
146,135.04960578844143,"[1.6016850324795506, 0.7661153843206073]",[0.08809092 0.        ],22198.126700780118,274.09921157688285,281.14213341260734
147,173.28679513998665,"[4.056729257279455, 0.8785354793553454]",[0. 1.],22371.413495920104,350.5735902799733,357.6165121156978
148,136.3197051901868,"[2.937727025092623, 0.001420874731026478]",[0.04879584 0.        ],22507.73320111029,276.6394103803736,283.6823322160981
149,156.61140021378895,"[1.2986593213197817, 0.3086037698205528]",[0.57963468 0.10590837],22664.34460132408,317.2228004275779,324.2657222633024
150,173.28679513998665,"[0.19952716280552785, 0.25709229523025856]",[0. 1.],22837.631396464065,350.5735902799733,357.6165121156978
151,167.70255272102196,"[0.869391946390759, 0.4905034084238915]",[0.27365719 0.12471059],23005.333949185086,339.4051054420439,346.4480272777684
152,171.77755793165983,"[0.08715844590076238, 0.9510538699037512]",[0.48927327 0.4252531 ],23177.111507116744,347.55511586331966,354.59803769904414
153,172.01050135949725,"[0.6611456617456746, 0.577118789810116]",[1.71380044 0.92885721],23349.122008476243,348.0210027189945,355.063924554719
154,173.28679513998665,"[2.141224000559359, 0.809550667486682]",[0. 1.],23522.40880361623,350.5735902799733,357.6165121156978
155,173.1497216841544,"[2.330642800244664, 0.9840693035594162]",[4.91607717 0.9991214 ],23695.55852530038,350.2994433683088,357.3423652040333
156,144.0516711592582,"[4.573648126000524, 0.9899834123594141]",[0.98085504 0.44620336],23839.61019645964,292.1033423185164,299.1462641542409
157,169.8583424811787,"[2.011917321362184, 0.9090190453031598]",[5.         0.99681963],24009.46853894082,343.7166849623574,350.7596067980819
158,173.28679513998665,"[2.576005056211588, 0.647018491231154]",[0. 1.],24182.755334080804,350.5735902799733,357.6165121156978
159,59.28909023783974,"[4.490267922151198, 0.81072990053034]",[1.00392386 0.12916712],24242.044424318643,122.57818047567947,129.62110231140397
160,173.28679513998665,"[2.8591621861083967, 0.2812661394488787]",[0. 1.],24415.33121945863,350.5735902799733,357.6165121156978
161,159.39056167172384,"[3.8207320943291707, 0.014350258536173333]",[0.2968398  0.09807253],24574.721781130353,322.7811233434477,329.8240451791722
162,154.17828909138723,"[0.12986451882236905, 0.010891633545959345]",[0.06601139 0.        ],24728.900070221738,312.35657818277446,319.39950001849894
163,173.28679513998665,"[4.201766533863916, 0.1898055683091905]",[0. 1.],24902.186865361724,350.5735902799733,357.6165121156978
164,173.28679513998665,"[4.564898352591836, 0.30653839401779304]",[0. 1.],25075.47366050171,350.5735902799733,357.6165121156978
165,171.3877879564769,"[1.5087911858018799, 0.9505383110656804]",[5.         0.99700544],25246.861448458185,346.7755759129538,353.8184977486783
166,89.14872311052865,"[2.5043179279036467, 0.42629739955253276]",[2.15858744 0.44109553],25336.010171568712,182.2974462210573,189.34036805678178
167,159.91681723313346,"[0.0630873774810925, 0.5611924037737374]",[0.08098537 0.00162858],25495.926988801846,323.8336344662669,330.8765563019914
168,173.28679513998665,"[1.8517273086752606, 0.4979210369729652]",[0. 1.],25669.213783941832,350.5735902799733,357.6165121156978
169,108.82375754571754,"[3.069183925496373, 0.8188963009399205]",[2.30487087 0.57032709],25778.03754148755,221.64751509143508,228.69043692715957
170,140.9159847137732,"[0.8674642837869045, 0.4356981898375907]",[0.05632358 0.        ],25918.953526201323,285.8319694275464,292.8748912632709
171,173.28679513998665,"[2.5492855702505595, 0.1469378534015462]",[0. 1.],26092.24032134131,350.5735902799733,357.6165121156978
172,173.28679513998665,"[3.360545281815959, 0.1294621472611578]",[0. 1.],26265.527116481295,350.5735902799733,357.6165121156978
173,172.96817695567574,"[0.24961917569509384, 0.907719692073518]",[0.15615948 0.36659972],26438.495293436972,349.9363539113515,356.979275747076
174,165.18249635016087,"[0.7799695001690965, 0.6043353844949884]",[0.0331147 0.       ],26603.677789787132,334.36499270032175,341.40791453604623
175,173.28679513998665,"[4.053302787967567, 0.4504427060716206]",[0. 1.],26776.96458492712,350.5735902799733,357.6165121156978
176,173.28679513998665,"[4.49446754600457, 0.7018050653947177]",[0. 1.],26950.251380067104,350.5735902799733,357.6165121156978
177,157.56616422204016,"[2.3466962813182954, 0.7935283914613401]",[3.02935975 0.91571884],27107.817544289144,319.1323284440803,326.1752502798048
178,172.5436729814935,"[0.4763647907193558, 0.32554266721266367]",[0.19861409 0.18007936],27280.361217270638,349.087345962987,356.1302677987115
179,173.0937862541735,"[0.30110591323632085, 0.6395182762345263]",[0.23758745 0.49949962],27453.45500352481,350.187572508347,357.2304943440715
180,173.05475323930804,"[0.3073603577305539, 0.7849012942206384]",[0.11195106 0.27148793],27626.509756764117,350.1095064786161,357.15242831434057
181,112.83314437051045,"[1.4007855326091074, 0.24009193932073136]",[0.3793202  0.06253057],27739.342901134627,229.6662887410209,236.7092105767454
182,111.60437138978781,"[0.27046932591400563, 0.2356186362765441]",[0.39197291 0.06117892],27850.947272524416,227.20874277957563,234.25166461530011
183,173.28679513998665,"[2.308914392905736, 0.7041072900350603]",[0. 1.],28024.2340676644,350.5735902799733,357.6165121156978
184,173.18432420269318,"[1.5980996303611232, 0.9476874139707747]",[5.         0.99947174],28197.418391867093,350.36864840538635,357.41157024111084
185,173.28679513998665,"[3.7111910045232315, 0.895310349959131]",[0. 1.],28370.70518700708,350.5735902799733,357.6165121156978
186,170.5249488438112,"[0.8479953387392314, 0.9714893479412917]",[0.02730125 0.        ],28541.23013585089,345.0498976876224,352.09281952334686
187,172.97182167602858,"[0.9101408685481893, 0.9155842362618902]",[5.         0.99916406],28714.20195752692,349.94364335205717,356.98656518778165
188,116.8018418965974,"[0.376460955783266, 0.07279513044028685]",[0.46226949 0.06660945],28831.003799423517,237.6036837931948,244.64660562891927
189,73.35396842902378,"[2.280848379891683, 0.36384614439940144]",[0.29448073 0.03602055],28904.35776785254,150.70793685804756,157.75085869377205
190,173.28679513998665,"[3.5590653215162433, 0.1248351810583711]",[0. 1.],29077.644562992526,350.5735902799733,357.6165121156978
191,128.71692739928756,"[2.925276427727093, 0.8755021746572058]",[0.36533374 0.09682374],29206.361490391813,261.4338547985751,268.4767766342996
192,114.46898104162636,"[1.3104659826460678, 0.17840730636201185]",[0.19805458 0.02487791],29320.83047143344,232.93796208325273,239.9808839189772
193,70.81251832326005,"[1.586337595491973, 0.9397602941752823]",[1.18814666 0.1879578 ],29391.6429897567,145.6250366465201,152.6679584822446
194,125.17650212787456,"[4.121649543069667, 0.9376838863900163]",[0.10424969 0.0116426 ],29516.819491884573,254.3530042557491,261.3959260914736
195,141.54143254521608,"[1.9648415736208913, 0.9288780670418244]",[1.04311496 0.24519568],29658.360924429788,287.08286509043216,294.12578692615665
196,172.8154163620548,"[0.48400894667448957, 0.7537787480290633]",[1.22350452 0.92948369],29831.176340791844,349.6308327241096,356.6737545598341
197,164.4741738038393,"[1.1364352997944538, 0.5164114636870372]",[0.21168282 0.10732522],29995.650514595683,332.9483476076786,339.9912694434031
198,165.01489077439018,"[1.0266541213380165, 0.7289031379850278]",[0.25854684 0.11661696],30160.665405370073,334.02978154878036,341.07270338450485
199,136.6912042294153,"[0.3739156030097113, 0.42382090159644603]",[0.059508 0.      ],30297.35660959949,277.3824084588306,284.42533029455507
200,158.313810644042,"[0.527020867547841, 0.3969496267835344]",[0.118446   0.02051011],30455.670420243532,320.627621288084,327.6705431238085
201,161.1864751660541,"[1.279030287555103, 0.5764293576058156]",[0.82967328 0.33942576],30616.856895409586,326.3729503321082,333.4158721678327
202,172.020669462288,"[0.6858694011178651, 0.7758875279553435]",[1.35838467 0.83820438],30788.877564871873,348.041338924576,355.0842607603005
203,148.89459621601347,"[0.6237288040574263, 0.1442385315552931]",[0.07307085 0.        ],30937.772161087887,301.78919243202694,308.8321142677514
204,160.57757296962873,"[0.7580675007316084, 0.24558892802669008]",[1.60831867 0.64212464],31098.349734057516,325.15514593925747,332.19806777498195
205,170.75933703210492,"[0.12145052261220424, 0.904640701430269]",[5.         0.99704046],31269.10907108962,345.51867406420985,352.56159589993433
206,121.9868246812232,"[0.4132848682166429, 0.2559335616477353]",[0.16295813 0.03193997],31391.095895770843,247.9736493624464,255.01657119817088
207,173.28679513998665,"[4.151635061434897, 0.4955786902286198]",[0. 1.],31564.38269091083,350.5735902799733,357.6165121156978
208,162.66971499590954,"[0.013638280126904156, 0.7268910487826525]",[5.         0.99238941],31727.05240590674,329.3394299918191,336.3823518275436
209,173.28679513998665,"[3.435017687293405, 0.7749920896402895]",[0. 1.],31900.339201046725,350.5735902799733,357.6165121156978
210,173.28679513998665,"[4.82496946056882, 0.20462847369876724]",[0. 1.],32073.62599618671,350.5735902799733,357.6165121156978
211,171.6273393098079,"[0.9811845419308374, 0.696526475301197]",[0.55035873 0.46325083],32245.25333549652,347.2546786196158,354.2976004553403
212,171.07387537799642,"[0.5802787806428189, 0.919087708944341]",[0.33949218 0.23167649],32416.327210874515,346.14775075599283,353.1906725917173
213,171.9923590378979,"[0.08415669553861749, 0.8834704043657612]",[5.         0.99856221],32588.31956991241,347.9847180757958,355.0276399115203
214,164.94058956670838,"[0.912352048770988, 0.8003613975070014]",[0.56470491 0.32708582],32753.26015947912,333.88117913341677,340.92410096914125
215,171.06857277908657,"[0.31459282649444864, 0.9067600802899234]",[0.52704351 0.55578637],32924.328732258204,346.13714555817313,353.1800673938976
216,171.98347857840633,"[0.8924804210170367, 0.8631090252011807]",[5.         0.99860939],33096.31221083661,347.96695715681267,355.00987899253715
217,146.80960814081274,"[0.4548606811096967, 0.34130180663575027]",[0.07917532 0.        ],33243.12181897742,297.6192162816255,304.66213811734997
218,166.57325952790987,"[0.1418701809856182, 0.45235165376884034]",[0.1118905  0.03355991],33409.695078505334,337.14651905581974,344.1894408915442
219,173.28679513998665,"[1.1918415570209928, 0.752072546582335]",[0. 1.],33582.98187364532,350.5735902799733,357.6165121156978
220,173.28679513998665,"[2.57634547555838, 0.1977790170963465]",[0. 1.],33756.26866878531,350.5735902799733,357.6165121156978
221,173.28679513998665,"[1.8780914773641326, 0.37676118407787773]",[0. 1.],33929.5554639253,350.5735902799733,357.6165121156978
222,173.28679513998665,"[2.484601064234871, 0.4306212362878167]",[0. 1.],34102.84225906529,350.5735902799733,357.6165121156978
223,170.17957953471645,"[0.29702546016402875, 0.45648619695270554]",[5.         0.99663392],34273.021838600005,344.3591590694329,351.4020809051574
224,160.66018161579902,"[1.4828275093945664, 0.9914351831029105]",[0.51531659 0.14019106],34433.682020215805,325.32036323159804,332.3632850673225
225,168.95537434984587,"[0.0852556117842923, 0.379178802126069]",[5.         0.99638482],34602.63739456565,341.91074869969174,348.9536705354162
226,148.86789730056347,"[1.2212070284198933, 0.2922540053288909]",[5.         0.98570893],34751.50529186622,301.73579460112694,308.7787164368514
227,70.65983194588718,"[1.8262094342791175, 0.8555335095155913]",[0.21235731 0.01365273],34822.165123812105,145.31966389177435,152.36258572749884
228,173.28679513998665,"[3.756895533846059, 0.6983587789562211]",[0. 1.],34995.451918952094,350.5735902799733,357.6165121156978
229,77.93946923044935,"[3.0576496450937833, 0.43461701247764417]",[0.81062514 0.11448985],35073.39138818254,159.8789384608987,166.92186029662318
230,173.28679513998665,"[3.7635871488279697, 0.6008179784102012]",[0. 1.],35246.67818332253,350.5735902799733,357.6165121156978
231,173.28679513998665,"[4.321342673562782, 0.4247727584994596]",[0. 1.],35419.96497846252,350.5735902799733,357.6165121156978
232,119.90705852404452,"[1.7945321509998657, 0.6260871154234526]",[1.29581655 0.35218015],35539.87203698657,243.81411704808903,250.85703888381352
233,102.60425478878416,"[0.5106875206014816, 0.3391150435547212]",[0.1618949  0.02073561],35642.476291775354,209.20850957756832,216.2514314132928
234,139.54760852978896,"[1.0255497520773305, 0.3991171669344943]",[1.07903117 0.43282798],35782.02390030515,283.0952170595779,290.1381388953024
235,130.35832751819908,"[4.0683077055219, 0.9898514985745869]",[0.17543762 0.02052798],35912.38222782334,264.71665503639815,271.75957687212264
236,168.16009748264366,"[0.24080925272902343, 0.1312970432958619]",[0.68121606 0.22268321],36080.542325305985,340.3201949652873,347.3631168010118
237,96.80011187420747,"[0.5126411816469051, 0.9524277577096737]",[0.11494895 0.        ],36177.342437180196,197.60022374841495,204.64314558413943
238,134.43626769817752,"[3.4535588278328855, 0.9419157344252127]",[0.56945545 0.12649342],36311.77870487837,272.87253539635503,279.9154572320795
239,172.81102861733382,"[0.005059852149861266, 0.8102649907458143]",[0.71574681 0.79491284],36484.589733495704,349.62205723466764,356.6649790703921
240,170.14847582453496,"[0.1178785012932454, 0.151413915882042]",[0.03273708 0.00711818],36654.73820932024,344.2969516490699,351.3398734847944
241,173.28679513998665,"[3.9926577580250027, 0.16899058572773584]",[0. 1.],36828.02500446023,350.5735902799733,357.6165121156978
242,101.87817687211263,"[1.3822821299947874, 0.43645080021694616]",[0.5338722  0.11454615],36929.90318133234,207.75635374422527,214.79927557994975
243,169.05413375687746,"[0.5830222685814684, 0.18045435865251225]",[0.32676332 0.1390064 ],37098.95731508922,342.1082675137549,349.1511893494794
244,173.28679513998665,"[3.417864341093563, 0.3162987767456912]",[0. 1.],37272.24411022921,350.5735902799733,357.6165121156978
245,172.8271227561944,"[0.7639906991584416, 0.7856811817783721]",[5.         0.99883799],37445.0712329854,349.6542455123888,356.6971673481133
246,165.51301650685525,"[1.6993497872971912, 0.7594892030564255]",[0.77849576 0.30342368],37610.584249492254,335.0260330137105,342.068954849435
247,133.2256374687344,"[0.81589648197126, 0.6007734853914982]",[0.13389583 0.022906  ],37743.80988696099,270.4512749374688,277.49419677319327
248,170.0131265985844,"[0.1431343070211244, 0.43174352556415674]",[5.         0.99729011],37913.82301355957,344.0262531971688,351.06917503289327
249,145.5577329993747,"[0.16714443053409522, 0.08696435649334011]",[0.10434429 0.        ],38059.38074655895,295.1154659987494,302.1583878344739
250,132.2131777594862,"[1.5755332756123475, 0.5216560619433782]",[0.39065947 0.08977847],38191.59392431843,268.4263555189724,275.4692773546969
251,162.61709894384103,"[0.6011672104063642, 0.39678171937280826]",[0.82748503 0.4093447 ],38354.21102326227,329.23419788768206,336.27711972340654
252,173.28679513998665,"[4.885820743740602, 0.7107666071509968]",[0. 1.],38527.49781840226,350.5735902799733,357.6165121156978
253,173.28679513998665,"[4.246575991300818, 0.5121823623836108]",[0. 1.],38700.78461354225,350.5735902799733,357.6165121156978
254,173.28679513998665,"[3.4262841934599564, 0.1387848027455455]",[0. 1.],38874.07140868224,350.5735902799733,357.6165121156978
255,173.0162746109136,"[0.3451425040402001, 0.6784284563445275]",[0.11403419 0.2874478 ],39047.08768329315,350.0325492218272,357.0754710575517
256,171.62015173677005,"[0.7817928131724405, 0.55170813707462]",[0.49713869 0.4988828 ],39218.70783502993,347.2403034735401,354.2832253092646
257,104.06367065528241,"[2.6576048570929753, 0.4730427456260311]",[1.63273863 0.40211195],39322.77150568521,212.12734131056482,219.1702631462893
258,164.36362918541843,"[0.6700479008492471, 0.44921722402847974]",[0.05645751 0.        ],39487.13513487063,332.72725837083686,339.77018020656135
259,142.13790234757016,"[1.3233382665349447, 0.6974211750103273]",[0.4481052  0.11772257],39629.2730372182,288.2758046951403,295.3187265308648
260,166.54149132473526,"[0.13318389562245014, 0.523499493305833]",[0.03862494 0.00766244],39795.814528542935,337.0829826494705,344.125904485195
261,164.50605634105446,"[3.3356987359178794, 0.9717961540489534]",[0.64871435 0.29395378],39960.320584883986,333.0121126821089,340.0550345178334
262,173.28679513998665,"[0.5820624053861589, 0.5433629117237176]",[0. 1.],40133.607380023976,350.5735902799733,357.6165121156978
263,173.28679513998665,"[3.816594451875874, 0.3294677420515445]",[0. 1.],40306.894175163965,350.5735902799733,357.6165121156978
264,173.28679513998665,"[0.962215152822542, 0.8748155186394314]",[0. 1.],40480.180970303954,350.5735902799733,357.6165121156978
265,173.28679513998665,"[2.1934358458808108, 0.7417828391656945]",[0. 1.],40653.467765443944,350.5735902799733,357.6165121156978
266,169.12000392590272,"[0.03427994984244287, 0.8077840954015534]",[0.11283722 0.0547243 ],40822.58776936985,342.24000785180544,349.28292968752993
267,170.78597360255196,"[2.6290556470957354, 0.983259355914012]",[0.72348474 0.46866776],40993.3737429724,345.5719472051039,352.6148690408284
268,50.8507566694975,"[3.575816917215284, 0.4545931548520802]",[0.84827991 0.09977015],41044.224499641896,105.701513338995,112.74443517471948
269,173.28679513998665,"[4.268360920061413, 0.7706014572586307]",[0. 1.],41217.511294781885,350.5735902799733,357.6165121156978
270,172.39300667211228,"[0.1762313701556334, 0.9333547867014409]",[5.         0.99813891],41389.904301454,348.78601334422456,355.82893517994904
271,173.28679513998665,"[0.29740972937403465, 0.18441886155823506]",[0. 1.],41563.19109659399,350.5735902799733,357.6165121156978
272,151.07302865266496,"[0.4960342450964983, 0.9953226184608719]",[0.48213401 0.11900319],41714.26412524666,306.1460573053299,313.1889791410544
273,172.11951051300656,"[1.403056565027589, 0.9205940983888078]",[0.97058637 0.7293018 ],41886.38363575967,348.2390210260131,355.2819428617376
274,78.12345715304377,"[0.005049902331446532, 0.5071474278986906]",[0.13029528 0.        ],41964.50709291271,160.24691430608755,167.28983614181203
275,173.28679513998665,"[1.3567101783644442, 0.29430111454637287]",[0. 1.],42137.7938880527,350.5735902799733,357.6165121156978
276,87.3331585877635,"[4.9437229968771605, 0.9291569243183135]",[1.84800754 0.39715292],42225.12704664046,178.666317175527,185.7092390112515
277,133.5901355281233,"[1.7025216458656738, 0.8335509700101247]",[0.20734566 0.04639247],42358.717182168584,271.1802710562466,278.2231928919711
278,100.68245447253354,"[1.0533698093352406, 0.939378082632835]",[0.07831025 0.        ],42459.399636641116,205.36490894506707,212.40783078079156
279,173.13005015891366,"[0.6043293411234657, 0.9916456895704101]",[5.        0.9994782],42632.52968680003,350.2601003178273,357.3030221535518
280,33.6059377692779,"[4.49906278791197, 0.9843722976173264]",[0.9638017  0.07794026],42666.13562456931,71.2118755385558,78.25479737428029
281,156.3677870444487,"[0.9818487203422682, 0.3401625390563162]",[0.49538188 0.21689315],42822.50341161376,316.7355740888974,323.7784959246219
282,171.1650482760556,"[0.0707269282419587, 0.3375175022452257]",[0.06563979 0.03354793],42993.668459889814,346.3300965521112,353.37301838783566
283,91.24077117977332,"[1.5055568138280901, 0.20850602580780608]",[1.04882187 0.21778664],43084.909231069585,186.48154235954664,193.52446419527112
284,173.28679513998665,"[1.1106936782115668, 0.33367985070259576]",[0. 1.],43258.196026209574,350.5735902799733,357.6165121156978
285,79.62685540117678,"[0.24266307935553177, 0.23579572744671184]",[0.26407919 0.0281206 ],43337.82288161075,163.25371080235357,170.29663263807805
286,168.7082204436116,"[0.6900475331184591, 0.3730426005703026]",[0.2106455  0.08583145],43506.53110205436,341.4164408872232,348.4593627229477
287,168.96635784365094,"[1.9462648994403016, 0.7662177627674905]",[0.88336539 0.48016857],43675.49745989801,341.9327156873019,348.97563752302636
288,72.11526582232364,"[4.428941258730761, 0.8555397529791252]",[0.49482416 0.06034005],43747.61272572033,148.23053164464727,155.27345348037176
289,173.28679513998665,"[3.4998257166138993, 0.31373573956026635]",[0. 1.],43920.89952086032,350.5735902799733,357.6165121156978
290,88.1479207265218,"[1.3887666008748523, 0.20289690488927703]",[0.15486474 0.01013155],44009.047441586845,180.2958414530436,187.3387632887681
291,172.90230652058574,"[0.6381677985379969, 0.7509736683181294]",[5.         0.99915753],44181.94974810743,349.8046130411715,356.84753487689596
292,172.01679039132185,"[0.25176163025165454, 0.9946300307359349]",[0.86118019 0.81794759],44353.96653849875,348.0335807826437,355.0765026183682
293,170.9690417818371,"[0.0623698768869424, 0.33602477022790733]",[0.0252921 0.0069146],44524.93558028059,345.9380835636742,352.98100539939867
294,170.93969100296033,"[1.8240849572915263, 0.9014888575117679]",[5.         0.99703466],44695.87527128355,345.87938200592066,352.92230384164515
295,173.28679513998665,"[3.991883416198788, 0.4928428936529675]",[0. 1.],44869.16206642354,350.5735902799733,357.6165121156978
296,114.81474216657946,"[1.9334155246860756, 0.5345177423220273]",[0.7712881  0.16238899],44983.976808590116,233.62948433315893,240.6724061688834
297,160.6666565885648,"[0.9759515953336872, 0.1491220976501404]",[1.00291501 0.31610719],45144.643465178684,325.3333131771296,332.37623501285407
298,173.28679513998665,"[4.761525744098952, 0.12678115184055416]",[4.76152574 0.12678115],45317.93026031867,350.5735902799733,357.6165121156978
299,173.28679513998665,"[4.340807334993347, 0.7618559800684165]",[0. 1.],45491.21705545866,350.5735902799733,357.6165121156978
300,173.28679513998665,"[2.7850210744746717, 0.6272479710413431]",[0. 1.],45664.50385059865,350.5735902799733,357.6165121156978
301,148.85938028732122,"[0.2799369990019235, 0.3296170132422439]",[0.36798956 0.11390072],45813.363230885974,301.71876057464243,308.7616824103669
302,132.8949864932757,"[1.284287779273141, 0.30622417988971573]",[1.52823806 0.38872809],45946.25821737925,269.7899729865514,276.8328948222759
303,123.0377550178376,"[1.959704338720053, 0.6090614986810919]",[0.33196869 0.07698083],46069.295972397085,250.0755100356752,257.1184318713997
304,171.67554371825094,"[0.27978960028804845, 0.8272353084921986]",[0.84192782 0.67615632],46240.971516115336,347.35108743650187,354.39400927222636
305,172.00898384734427,"[1.6099064073889835, 0.9903795511293941]",[5.         0.99800082],46412.98049996268,348.01796769468854,355.060889530413
306,108.59781352548207,"[1.3373259974165685, 0.45301848558347146]",[0.71796959 0.13496878],46521.578313488164,221.19562705096413,228.23854888668862
307,129.12044487660853,"[2.358332291208087, 0.8997334697156513]",[0.36726985 0.09253515],46650.69875836477,262.24088975321706,269.28381158894155
308,169.32153649648993,"[2.3810209747464244, 0.9692479092355923]",[0.46577964 0.30075121],46820.020294861264,342.64307299297985,349.68599482870434
309,166.52790725625556,"[1.5391415844371918, 0.7219417562945848]",[3.9561109  0.98166692],46986.54820211752,337.0558145125111,344.0987363482356
310,170.13330230280698,"[2.2926884144427047, 0.8871492090825513]",[5.         0.99663147],47156.681504420325,344.26660460561396,351.30952644133845
311,154.43062586583451,"[1.4490914452288284, 0.7162897099927441]",[0.13277729 0.00740016],47311.11213028616,312.86125173166903,319.9041735673935
312,145.8508420384554,"[1.0055693467622162, 0.6549544042599521]",[0.0873078 0.       ],47456.96297232461,295.7016840769108,302.7446059126353
313,161.25638964246747,"[0.3731787054176411, 0.28876870558450385]",[0.36531476 0.12403359],47618.21936196708,326.51277928493494,333.5557011206594
314,158.39124322363446,"[0.48375336289063875, 0.17161557791319737]",[0.13658756 0.02646274],47776.61060519071,320.7824864472689,327.8254082829934
315,165.37657177813264,"[1.0957882694842196, 0.34497779122928496]",[1.07473474 0.48619313],47941.98717696885,334.7531435562653,341.79606539198977
316,173.28679513998665,"[1.7803712088258772, 0.7302833820752247]",[0. 1.],48115.27397210884,350.5735902799733,357.6165121156978
317,170.38746530860973,"[0.16533558258935654, 0.2386921279707025]",[0.0385073  0.01760398],48285.661437417446,344.77493061721947,351.81785245294395
318,173.28679513998665,"[0.9653171173289266, 0.12936194584160865]",[0. 1.],48458.948232557435,350.5735902799733,357.6165121156978
319,173.20250813773796,"[0.915297008773221, 0.9797393464541547]",[5.        0.9996422],48632.15074069517,350.40501627547593,357.4479381112004
320,172.6601931625496,"[3.742648787346888, 0.9940780489788807]",[4.89266585 0.99905078],48804.81093385772,349.3203863250992,356.3633081608237
321,168.80385540189798,"[0.09555311363106556, 0.16418059529315399]",[0.04137916 0.        ],48973.61478925962,341.60771080379595,348.65063263952044
322,109.23311133444967,"[1.6227412597010482, 0.4252828620199699]",[0.74712695 0.12393639],49082.84790059407,222.46622266889935,229.50914450462383
323,171.09405375996224,"[0.27439471797128023, 0.9048852568241352]",[1.93646988 0.89942628],49253.94195435403,346.1881075199245,353.23102935564896
324,124.721067659006,"[2.1081307492312167, 0.6031408191168002]",[0.53956518 0.12451759],49378.66302201303,253.442135318012,260.4850571537365
325,96.46137676876513,"[2.2143430906679744, 0.5291174507490759]",[2.82404213 0.73533341],49475.124398781794,196.92275353753027,203.96567537325475
326,132.9692711247907,"[0.6730672468773619, 0.19485408349743416]",[0.2916996  0.04620169],49608.093669906586,269.9385422495814,276.9814640853059
327,169.50225100717546,"[0.6560687580329999, 0.7171131041594567]",[0.06246004 0.04440618],49777.59592091376,343.0045020143509,350.0474238500754
328,173.28679513998665,"[2.613959411705327, 0.1830835331583487]",[0. 1.],49950.88271605375,350.5735902799733,357.6165121156978
329,172.50634279675242,"[0.14865966244633932, 0.9671808287583523]",[0.30726192 0.45170955],50123.3890588505,349.01268559350484,356.0556074292293
330,167.32647585081423,"[0.6076977087907826, 0.4439681664506937]",[2.36017052 0.9437701 ],50290.71553470132,338.65295170162847,345.69587353735295
331,173.28679513998665,"[1.9156099526277175, 0.3773838572656316]",[0. 1.],50464.00232984131,350.5735902799733,357.6165121156978
332,173.28679513998665,"[0.9189084227268379, 0.7688378256661703]",[0. 1.],50637.2891249813,350.5735902799733,357.6165121156978
333,173.28679513998665,"[4.457554209593767, 0.8378701528663568]",[0. 1.],50810.575920121286,350.5735902799733,357.6165121156978
334,166.24878435273664,"[1.43299998968899, 0.7837232997582164]",[5.         0.99626136],50976.82470447402,336.49756870547327,343.54049054119776
335,161.40703477309776,"[1.916146127258504, 0.7795347686274645]",[5.         0.99385475],51138.231739247116,326.8140695461955,333.85699138192
336,171.90711154394987,"[0.2886900104579915, 0.2942886309317916]",[0.34673762 0.25675558],51310.13885079107,347.81422308789973,354.8571449236242
337,173.28679513998665,"[1.3829025598689388, 0.815964159817328]",[0. 1.],51483.425645931056,350.5735902799733,357.6165121156978
338,172.96572321866222,"[0.1603391373792068, 0.5118542902346429]",[0.33301722 0.5159285 ],51656.39136914972,349.93144643732444,356.9743682730489
339,124.6157574499252,"[0.9997155020222481, 0.11041305346816621]",[0.64032362 0.12160396],51781.007126599645,253.2315148998504,260.2744367355749
340,173.28679513998665,"[1.565253517547101, 0.47626464882298536]",[0. 1.],51954.293921739634,350.5735902799733,357.6165121156978
341,114.54565950335582,"[2.444520800655783, 0.8606548459127673]",[0.98701307 0.25045321],52068.83958124299,233.09131900671164,240.13424084243613
342,137.21215316756695,"[0.347160077169269, 0.03713815392631181]",[0.1323088 0.       ],52206.051734410554,278.4243063351339,285.4672281708584
343,171.87287847665547,"[0.6584846417673423, 0.4446066319337071]",[0.57911851 0.49585068],52377.92461288721,347.74575695331094,354.78867878903543
344,141.37878402279517,"[1.8872611380906918, 0.813416285208151]",[0.43207581 0.1097483 ],52519.30339691001,286.75756804559035,293.80048988131483
345,143.62682191672786,"[0.05498567910349694, 0.32183582474285244]",[0.07633115 0.        ],52662.93021882673,291.2536438334557,298.2965656691802
346,160.1355916088066,"[0.29135704904122817, 0.9567793106380673]",[0.4898794  0.08581488],52823.06581043554,324.2711832176132,331.3141050533377
347,170.13629573153966,"[0.5110262918026526, 0.3070748850960021]",[1.11037318 0.6765639 ],52993.20210616708,344.2725914630793,351.3155132988038
348,114.8486303185539,"[1.8951318257105414, 0.8638740427421189]",[0.58748813 0.10023142],53108.05073648564,233.6972606371078,240.7401824728323
349,173.28679513998665,"[0.9257966634906073, 0.5406811973203814]",[0. 1.],53281.33753162563,350.5735902799733,357.6165121156978
350,171.94431049556235,"[1.0801846171440515, 0.8041763933829805]",[0.83118347 0.66032489],53453.28184212119,347.8886209911247,354.9315428268492
351,162.08962026139233,"[0.005977047021417103, 0.45447494618161344]",[5.         0.99224759],53615.37146238259,328.17924052278465,335.22216235850914
352,72.56006296544342,"[0.4720794945904466, 0.845023956631619]",[0.93633737 0.13549039],53687.93152534803,149.12012593088684,156.16304776661133
353,93.48474595448107,"[0.14135682437067476, 0.8317383238141202]",[0.65575342 0.11291335],53781.416271302514,190.96949190896214,198.01241374468663
354,121.67803492229653,"[0.3115193151321305, 0.06644685034917575]",[0.12488751 0.01009187],53903.09430622481,247.35606984459307,254.39899168031755
355,172.76701780350908,"[0.49730682688014893, 0.608301039634898]",[0.15886608 0.22809322],54075.86132402832,349.53403560701815,356.57695744274264
356,151.26674208684238,"[0.0034954373182283227, 0.17168770722353632]",[0.06568374 0.00704129],54227.12806611517,306.53348417368477,313.57640600940925
357,173.28679513998665,"[3.837348671851794, 0.846739048453571]",[0. 1.],54400.41486125516,350.5735902799733,357.6165121156978
358,173.28679513998665,"[4.968028650548236, 0.05188709514966117]",[4.96802865 0.0518871 ],54573.70165639515,350.5735902799733,357.6165121156978
359,173.28679513998665,"[2.3590977491161613, 0.3797007553871624]",[0. 1.],54746.98845153514,350.5735902799733,357.6165121156978
360,132.23354045760715,"[0.43825328323946755, 0.9113316983883523]",[0.13842031 0.        ],54879.221991992745,268.4670809152143,275.5100027509388
361,114.04985098088663,"[0.2926268369807872, 0.9493919462459276]",[0.23978848 0.04990423],54993.271842973634,232.09970196177326,239.14262379749775
362,115.39664677476114,"[1.6463276356695544, 0.6857483563656523]",[0.1487837  0.00138993],55108.668489748394,234.79329354952228,241.83621538524676
363,148.78213855409817,"[3.160095380911266, 0.9286785324737039]",[0.25202932 0.06800506],55257.45062830249,301.56427710819634,308.6071989439208
364,173.28679513998665,"[4.222209115221131, 0.30408147761452364]",[0. 1.],55430.73742344248,350.5735902799733,357.6165121156978
365,132.7640152711179,"[0.6621192506072082, 0.3398531140648947]",[0.08752537 0.        ],55563.501438713596,269.5280305422358,276.5709523779603
366,153.73400029964174,"[1.0142190871096546, 0.9878803229322527]",[2.62417927 0.87729614],55717.23543901324,311.46800059928347,318.51092243500796
367,173.28679513998665,"[0.5393947878130301, 0.253957000986231]",[0. 1.],55890.52223415323,350.5735902799733,357.6165121156978
368,170.21462499209392,"[1.4544995505211167, 0.6625793562921009]",[0.84399754 0.55673482],56060.73685914532,344.42924998418783,351.4721718199123
369,165.74215017139716,"[2.3967521951533106, 0.8922153533699139]",[5.         0.99460581],56226.47900931672,335.4843003427943,342.5272221785188
370,170.77391936786967,"[0.1437215512431711, 0.4814059940770009]",[0.16783833 0.05196374],56397.25292868459,345.54783873573933,352.5907605714638
371,172.9463099780108,"[0.0210991234593616, 0.8495397564568445]",[0.27944639 0.39704549],56570.1992386626,349.8926199560216,356.93554179174606
372,172.5880763043339,"[0.09931098924021275, 0.7010859089398248]",[5.        0.9989792],56742.78731496693,349.1761526086678,356.2190744443923
373,169.6335440228537,"[0.8292709653959551, 0.2639466376219617]",[1.30372705 0.68800628],56912.42085898978,343.2670880457074,350.3100098814319
374,173.25978130094117,"[1.0731989311182017, 0.9581866987513732]",[5.         0.99969789],57085.680640290724,350.51956260188234,357.5624844376068
375,163.77847208110364,"[0.2495141757248237, 0.890367347808713]",[0.04681557 0.        ],57249.45911237183,331.5569441622073,338.5998659979318
376,173.28679513998665,"[0.5807747535866004, 0.6182514688198161]",[0. 1.],57422.74590751182,350.5735902799733,357.6165121156978
377,173.28679513998665,"[0.0031219820171718426, 0.45424130916037997]",[0.         0.75862929],57596.032702651806,350.5735902799733,357.6165121156978
378,118.47249383846867,"[0.25098557282051015, 0.042546740897284496]",[0.09584551 0.        ],57714.505196490274,240.94498767693733,247.98790951266182
379,173.28679513998665,"[0.22125250846732836, 0.8715339291335487]",[0. 1.],57887.79199163026,350.5735902799733,357.6165121156978
380,173.10688563113172,"[0.34941481203403957, 0.9705231211369496]",[5.       0.999333],58060.898877261396,350.21377126226344,357.2566930979879
381,173.28679513998665,"[3.918055962841249, 0.9373621341497278]",[0. 1.],58234.185672401385,350.5735902799733,357.6165121156978
382,141.61426265255653,"[0.7721312057115248, 0.9270413884766262]",[0.88083835 0.28915375],58375.79993505394,287.22852530511307,294.27144714083755
383,115.12011286804724,"[1.5852773380136735, 0.4166932198943778]",[1.569176   0.46428543],58490.92004792199,234.2402257360945,241.28314757181897
384,171.69512355002675,"[0.05037006047461656, 0.2259919413938466]",[0.09906174 0.03588074],58662.61517147201,347.3902471000535,354.433168935778
385,89.32914935947157,"[2.543105414892315, 0.4521912310693089]",[1.44726649 0.27248534],58751.944320831484,182.65829871894314,189.70122055466763
386,173.28679513998665,"[2.0193033232028816, 0.0693110513868066]",[0. 1.],58925.23111597147,350.5735902799733,357.6165121156978
387,173.28679513998665,"[3.4554918016421556, 0.08277416540539351]",[0. 1.],59098.51791111146,350.5735902799733,357.6165121156978
388,168.76210865852948,"[1.0571435865945744, 0.6541335927773465]",[0.50273407 0.27052684],59267.28001976999,341.52421731705897,348.56713915278345
389,154.75245870582737,"[4.584525971901913, 0.03479355922040106]",[0.14567168 0.03296824],59422.03247847582,313.50491741165473,320.5478392473792
390,128.10252808515278,"[1.319491343725257, 0.2895110426134979]",[0.36586115 0.07140072],59550.13500656097,260.20505617030557,267.24797800603005
391,172.9608309483785,"[0.340842753925123, 0.7172247330357007]",[0.41368388 0.51382971],59723.095837509354,349.921661896757,356.96458373248146
392,159.22697087872103,"[0.8321412898638958, 0.8288256986967135]",[0.66807578 0.09298514],59882.322808388075,322.45394175744207,329.49686359316655
393,169.27216683709793,"[0.24922998760218307, 0.19530256195074625]",[0.02535981 0.        ],60051.594975225176,342.54433367419585,349.58725550992034
394,173.28679513998665,"[3.0518943736685653, 0.9412110976035057]",[0. 1.],60224.881770365166,350.5735902799733,357.6165121156978
395,164.31825324617583,"[0.7720849040687561, 0.4871419511348539]",[0.67705224 0.17998514],60389.20002361134,332.63650649235166,339.67942832807614
396,173.28679513998665,"[3.684503908465068, 0.9392347589953711]",[0. 1.],60562.48681875133,350.5735902799733,357.6165121156978
397,72.04854167903866,"[3.2923017730048536, 0.5729876691598436]",[1.05294449 0.17540725],60634.53536043037,148.09708335807733,155.1400051938018
398,169.20969302329075,"[0.058563608321776095, 0.011722848693982324]",[0.20478408 0.05448945],60803.745053453655,342.4193860465815,349.462307882306
399,173.28679513998665,"[3.272340541813689, 0.7429601005830204]",[0. 1.],60977.031848593644,350.5735902799733,357.6165121156978
400,171.79136040681507,"[0.3034755775592701, 0.7123096681372655]",[0.47580048 0.31139101],61148.82320900046,347.58272081363015,354.62564264935463
401,165.9015688087514,"[0.6769755499004959, 0.8139856559800407]",[0.04835927 0.00416541],61314.72477780921,335.8031376175028,342.84605945322727
402,113.16267862262357,"[0.3836707615679552, 0.048088530498819004]",[0.17538169 0.0166867 ],61427.88745643184,230.32535724524715,237.36827908097163
403,146.08401293961438,"[1.2243238641562426, 0.39858612530994375]",[0.58991321 0.18996776],61573.971469371456,296.16802587922876,303.21094771495325
404,170.41424433435077,"[1.538316917375488, 0.9477143816986635]",[5.         0.99671567],61744.38571370581,344.82848866870154,351.871410504426
405,93.7481368447309,"[0.8115821506529103, 0.8627418547801746]",[1.22512848 0.21164212],61838.13385055054,191.4962736894618,198.53919552518627
406,170.71683274933716,"[0.08744975659937204, 0.8564792795017465]",[0.30008602 0.16561129],62008.850683299876,345.4336654986743,352.4765873343988
407,129.242963370977,"[3.622609751789765, 0.9475682351754848]",[0.4244908  0.08089675],62138.09364667085,262.485926741954,269.5288485776785
408,171.77830640435417,"[0.23782008209870864, 0.8470425061417394]",[0.28941765 0.30952646],62309.871953075206,347.55661280870834,354.5995346444328
409,132.32305838344226,"[2.1642706253669113, 0.6162132080413625]",[0.4334539  0.09336568],62442.19501145865,268.6461167668845,275.689038602609
410,151.86103637045287,"[2.061280695491685, 0.7693695462463624]",[0.93218654 0.20095527],62594.0560478291,307.72207274090573,314.7649945766302
411,143.30202628399002,"[1.642545860644959, 0.77086036016567]",[2.23633235 0.81169481],62737.35807411309,290.60405256798003,297.6469744037045
412,152.5808069043386,"[0.11024377202255242, 0.9156277828861319]",[3.84606579 0.97182603],62889.938881017435,309.1616138086772,316.2045356444017
413,164.536487809687,"[1.1584559687335017, 0.5333028729975261]",[0.90594284 0.32291984],63054.47536882712,333.072975619374,340.1158974550985
414,163.71552462232128,"[0.3447998343240122, 0.9205838868359281]",[4.39408668 0.99267296],63218.19089344944,331.43104924464257,338.47397108036705
415,173.28679513998665,"[0.7368345702151752, 0.9510517138580971]",[0. 1.],63391.47768858943,350.5735902799733,357.6165121156978
416,150.94604282651028,"[0.19589732034594132, 0.03291364002606201]",[0.06771949 0.01093086],63542.42373141594,305.89208565302056,312.93500748874504
417,173.28679513998665,"[3.9869822420888923, 0.39115594634794937]",[0. 1.],63715.71052655593,350.5735902799733,357.6165121156978
418,150.9530690796629,"[1.831351106020933, 0.8300630884267898]",[0.05502495 0.        ],63866.66359563559,305.9061381593258,312.9490599950503
419,173.28679513998665,"[3.25501399917648, 0.6380855063936164]",[0. 1.],64039.95039077558,350.5735902799733,357.6165121156978
420,153.98445394968218,"[1.6680747795029838, 0.8620491800030409]",[0.04828593 0.        ],64193.93484472526,311.96890789936435,319.01182973508884
421,119.26996112279024,"[2.1039005421458823, 0.4155443288902194]",[0.98972366 0.28954175],64313.20480584805,242.53992224558047,249.58284408130496
422,149.83404728341765,"[1.2024064872092666, 0.9927213545468843]",[0.5949559  0.16205406],64463.03885313147,303.6680945668353,310.7110164025598
423,145.0108838461802,"[0.3380253634462249, 0.9018126262264069]",[0.18545867 0.04427372],64608.04973697765,294.0217676923604,301.0646895280849
424,170.46766602757967,"[1.3787779844482329, 0.6625993722822534]",[5.         0.99603823],64778.51740300523,344.93533205515934,351.9782538908838
425,149.52617097833067,"[0.09385004023005461, 0.07895093381923224]",[0.18925158 0.04663409],64928.04357398356,303.05234195666134,310.0952637923858
426,171.60954322038586,"[0.11913999544014453, 0.09118510095143961]",[0.01985838 0.00186488],65099.65311720395,347.2190864407717,354.2620082764962
427,168.94056322846941,"[2.9728246780460497, 0.9516863862849697]",[1.17812061 0.68586099],65268.593680432416,341.88112645693883,348.9240482926633
428,148.6782914888495,"[0.018022693208996632, 0.1437580176130887]",[0.11003094 0.        ],65417.27197192126,301.356582977699,308.3995048134235
429,149.83777338083672,"[0.8581891670880321, 0.815870071228874]",[0.18324685 0.07183843],65567.10974530209,303.67554676167344,310.71846859739793
430,143.59429671107918,"[0.7152526518551622, 0.7341901140998521]",[0.32920601 0.07390336],65710.70404201317,291.18859342215836,298.23151525788285
431,163.26373596951288,"[0.16790768012970414, 0.9434838848088696]",[0.21405319 0.02721477],65873.96777798267,330.52747193902576,337.57039377475024
432,153.72026193669808,"[0.08749998845908324, 0.16161714373785718]",[0.06959874 0.        ],66027.68803991938,311.44052387339616,318.48344570912064
433,165.18772756516046,"[0.3759181590385585, 0.1796470618531022]",[0.03195481 0.        ],66192.87576748454,334.3754551303209,341.4183769660454
434,155.49953810540075,"[1.1274706845077975, 0.4180545956344669]",[1.62401351 0.76314183],66348.37530558994,314.9990762108015,322.041998046526
435,172.8039213221488,"[0.18962757305232059, 0.6156854092041428]",[0.21966686 0.38816123],66521.17922691209,349.6078426442976,356.6507644800221
436,165.20337314178806,"[1.0701065415022497, 0.6148999409009245]",[1.38023418 0.77639392],66686.38260005388,334.4067462835761,341.4496681193006
437,173.28679513998665,"[1.7191570174280417, 0.36570053913318135]",[0. 1.],66859.66939519387,350.5735902799733,357.6165121156978
438,169.37460622161024,"[3.0674883164878866, 0.9947852580384741]",[0.1455156  0.06112995],67029.04400141547,342.7492124432205,349.79213427894496
439,168.99587290474236,"[0.4966777562850305, 0.2059926928131549]",[0.14493162 0.06393811],67198.03987432021,341.9917458094847,349.0346676452092
440,173.28679513998665,"[3.8201784160487935, 0.9736834575082298]",[0. 1.],67371.32666946019,350.5735902799733,357.6165121156978
441,172.6048820681468,"[1.6043947085247505, 0.9704538404564904]",[5.         0.99851853],67543.93155152834,349.2097641362936,356.25268597201807
442,173.28679513998665,"[1.4481250063369537, 0.914678647082842]",[0. 1.],67717.21834666832,350.5735902799733,357.6165121156978
443,157.34458438257371,"[0.22860450428128176, 0.9250006442087003]",[0.22968349 0.05836813],67874.5629310509,318.68916876514743,325.7320906008719
444,173.28679513998665,"[1.8914247500668941, 0.8792442316311581]",[0. 1.],68047.84972619088,350.5735902799733,357.6165121156978
445,173.28679513998665,"[4.458266926033973, 0.8984768477561084]",[0. 1.],68221.13652133086,350.5735902799733,357.6165121156978
446,173.28679513998665,"[2.452936893886706, 0.25222115173974924]",[0. 1.],68394.42331647084,350.5735902799733,357.6165121156978
447,81.75785659447125,"[1.843472239182713, 0.5635195358295916]",[0.20143367 0.01992067],68476.18117306531,167.5157131889425,174.55863502466698
448,136.056004025577,"[0.28380783361072304, 0.7723186324968653]",[0.06958959 0.        ],68612.2371770909,276.112008051154,283.1549298868785
449,133.39943778184343,"[2.5269200977817166, 0.7337790046933443]",[0.83562265 0.23114732],68745.63661487274,270.79887556368686,277.84179739941135
450,158.8209207999441,"[0.34286147520807275, 0.26818459075896195]",[1.18250296 0.52881669],68904.45753567269,321.6418415998882,328.6847634356127
451,173.28679513998665,"[1.8896001970953902, 0.8980725284271003]",[0. 1.],69077.74433081267,350.5735902799733,357.6165121156978
452,173.28679513998665,"[0.9825745440723138, 0.22109141531611642]",[0. 1.],69251.03112595265,350.5735902799733,357.6165121156978
453,121.22975629017921,"[0.9130146024175717, 0.7142694427424505]",[0.20651237 0.04227946],69372.26088224283,246.45951258035842,253.5024344160829
454,172.0963155078361,"[0.15522274622262633, 0.826798286570477]",[0.24558429 0.25218665],69544.35719775067,348.1926310156722,355.2355528513967
455,173.28679513998665,"[2.0897087983330325, 0.6259136215636436]",[0. 1.],69717.64399289065,350.5735902799733,357.6165121156978
456,167.80230526022586,"[0.9739404740167396, 0.9400405912102178]",[0.65109401 0.39380766],69885.44629815087,339.60461052045173,346.6475323561762
457,147.5240196654053,"[3.1201664880163027, 0.9685826060278548]",[1.60161532 0.67360226],70032.97031781627,299.0480393308106,306.09096116653507
458,124.28315326880418,"[1.673201355325532, 0.7848889815734371]",[1.91001224 0.58037791],70157.25347108507,252.56630653760837,259.6092283733329
459,151.6836053608425,"[1.5363322367592809, 0.9688651148893658]",[0.25333742 0.0539502 ],70308.93707644592,307.367210721685,314.4101325574095
460,172.8593582806101,"[0.3836757270921076, 0.7997053747302362]",[0.29293116 0.53852351],70481.79643472652,349.7187165612202,356.7616383969447
461,89.91267022542215,"[0.0628135060459789, 0.12017459142671849]",[0.3630945  0.06248095],70571.70910495195,183.8253404508443,190.86826228656878
462,95.82430440034675,"[1.4718104650103032, 0.47774405292756317]",[0.14101341 0.00964045],70667.5334093523,195.6486088006935,202.69153063641798
463,158.1091896785261,"[2.7687663937825557, 0.9455315553948836]",[5.         0.99215694],70825.64259903082,320.2183793570522,327.26130119277667
464,156.1101410919313,"[0.36157307626106694, 0.5156240274752744]",[0.03562732 0.        ],70981.75274012276,316.2202821838626,323.2632040195871
465,172.56559005404048,"[1.4395754217280894, 0.9111297863586103]",[0.41409961 0.49167041],71154.3183301768,349.13118010808097,356.17410194380545
466,168.3689411941758,"[0.27426834610507933, 0.09264642883604268]",[0.07975187 0.02693977],71322.68727137097,340.7378823883516,347.78080422407606
467,173.28679513998665,"[0.5088579781340613, 0.8560649954012782]",[0. 1.],71495.97406651096,350.5735902799733,357.6165121156978
468,172.24099439227172,"[0.7779017425534535, 0.5483830243578685]",[1.30276258 0.85496764],71668.21506090323,348.48198878454343,355.5249106202679
469,149.51229971464903,"[0.29078184707343524, 0.07313615626100567]",[0.10484473 0.0244716 ],71817.72736061788,303.02459942929806,310.06752126502255
470,129.65928210754927,"[3.6922763102231286, 0.9448510250086988]",[1.18408305 0.28881914],71947.38664272543,263.31856421509855,270.36148605082303
471,173.28679513998665,"[2.7502680671457242, 0.8804863921044684]",[0. 1.],72120.67343786541,350.5735902799733,357.6165121156978
472,169.18448764688083,"[0.46764755631002297, 0.21107818621900265]",[0.18360323 0.07245407],72289.85792551229,342.36897529376165,349.41189712948614
473,173.28679513998665,"[3.178094951256081, 0.8188359571278053]",[0. 1.],72463.14472065227,350.5735902799733,357.6165121156978
474,114.16546638673779,"[2.526215672438868, 0.5966207504892179]",[0.87149448 0.24520957],72577.31018703901,232.33093277347558,239.37385460920007
475,166.59335104528637,"[0.09633011710193762, 0.8227721665472698]",[1.91875528 0.80830463],72743.9035380843,337.18670209057274,344.2296239262972
476,107.64099508748602,"[0.6601255576638143, 0.09847231108524734]",[0.10060362 0.00240901],72851.54453317178,219.28199017497204,226.32491201069652
477,173.28679513998665,"[4.7073674790738504, 0.31687187690808627]",[0. 1.],73024.83132831176,350.5735902799733,357.6165121156978
478,147.4500226105861,"[0.2669671573320287, 0.4229333363913742]",[1.02545713 0.37262172],73172.28135092235,298.9000452211722,305.9429670568967
479,173.28679513998665,"[1.551057723078566, 0.13241811148808103]",[0. 1.],73345.56814606233,350.5735902799733,357.6165121156978
480,141.47563457705053,"[0.1707268550377572, 0.8574819332667121]",[0.12883433 0.01806833],73487.04378063937,286.95126915410106,293.99419098982554
481,38.20408434805734,"[2.95460844682178, 0.5003926690809252]",[1.98697566 0.31581578],73525.24786498744,80.40816869611469,87.45109053183918
482,146.13004878539815,"[2.7081973104138073, 0.9965388470972525]",[1.25926101 0.4083815 ],73671.37791377284,296.2600975707963,303.3030194065208
483,173.28679513998665,"[3.990947988097087, 0.5195859450744262]",[0. 1.],73844.66470891282,350.5735902799733,357.6165121156978
484,30.492656390944543,"[3.8518125075462257, 0.30784420808651203]",[1.5644151  0.17344706],73875.15736530376,64.98531278188909,72.02823461761358
485,142.03261927497832,"[1.8893817621264541, 0.8700280941930786]",[0.05343611 0.        ],74017.18998457874,288.06523854995663,295.1081603856811
486,173.24192618955556,"[0.19001005277298477, 0.6983572533698114]",[0.2923529  0.86189234],74190.4319107683,350.4838523791111,357.5267742148356
487,135.73739812865023,"[1.1922093109540866, 0.2679778743735275]",[0.69758411 0.1651177 ],74326.16930889695,275.47479625730045,282.51771809302494
488,173.28679513998665,"[2.1990597442700883, 0.8543074603888788]",[0. 1.],74499.45610403693,350.5735902799733,357.6165121156978
489,92.45556638160254,"[1.4480565671038041, 0.46570817113695007]",[0.43670857 0.07632504],74591.91167041853,188.91113276320507,195.95405459892956
490,173.28679513998665,"[3.5755092508211943, 0.4564526855990616]",[0. 1.],74765.19846555851,350.5735902799733,357.6165121156978
491,173.28679513998665,"[0.20104770293976504, 0.9942019039175573]",[0.15339871 1.        ],74938.4852606985,350.5735902799733,357.6165121156978
492,146.3016573975215,"[0.37834367136619196, 0.4700050203073236]",[2.92719834 0.91499952],75084.78691809601,296.603314795043,303.6462366307675
493,168.2689120242326,"[0.09883180506178035, 0.48008956070760256]",[0.2404847  0.08108671],75253.05583012024,340.5378240484652,347.5807458841897
494,137.52965434452358,"[1.0445705152240858, 0.7934008618693751]",[0.46727832 0.12280056],75390.58548446477,279.05930868904716,286.10223052477164
495,44.75785864421428,"[1.0574906902192105, 0.11042919943574292]",[0.25199717 0.        ],75435.34334310898,93.51571728842856,100.55863912415305
496,173.27438894240976,"[0.008168655793910906, 0.2414699350252818]",[0.05875139 0.50886852],75608.6177320514,350.5487778848195,357.591699720544
497,172.58953574922938,"[1.2414285728275365, 0.8256706654887621]",[1.60326347 0.92272321],75781.20726780062,349.17907149845877,356.22199333418325
498,162.01564748260967,"[2.0806482293896944, 0.770292859146284]",[3.44977319 0.95312948],75943.22291528323,328.03129496521933,335.0742168009438
499,173.28679513998665,"[4.680993593857204, 0.49234682597384194]",[0. 1.],76116.50971042321,350.5735902799733,357.6165121156978
500,173.28679513998665,"[4.802731989038071, 0.8281085627633773]",[0. 1.],76289.7965055632,350.5735902799733,357.6165121156978
501,173.28679513998665,"[0.7990587876522143, 0.8892606274985839]",[0. 1.],76463.08330070318,350.5735902799733,357.6165121156978
502,167.1390221070728,"[0.5726991999650827, 0.5486685621832003]",[5.         0.99598142],76630.22232281025,338.2780442141456,345.3209660498701
503,144.06793914288164,"[2.76516753147098, 0.7428132975964359]",[2.71757157 0.87068761],76774.29026195314,292.1358782857633,299.17880012148777
504,173.28679513998665,"[2.8282438046691825, 0.9233970638081209]",[0. 1.],76947.57705709312,350.5735902799733,357.6165121156978
505,173.28679513998665,"[3.1262932126628886, 0.6696297479957264]",[0. 1.],77120.8638522331,350.5735902799733,357.6165121156978
506,173.27870477879608,"[0.12314869397990258, 0.9346293889719538]",[3.95345294 0.99948017],77294.1425570119,350.55740955759217,357.60033139331665
507,147.5493265789155,"[1.4174824716431422, 0.8083224723511283]",[0.23646855 0.06259943],77441.69188359081,299.098653157831,306.1415749935555
508,173.28679513998665,"[2.472309256837249, 0.6776828911813623]",[0. 1.],77614.9786787308,350.5735902799733,357.6165121156978
509,154.03825545478,"[0.8011760794915196, 0.7210227025462126]",[0.62104536 0.18694103],77769.01693418558,312.07651090956,319.1194327452845
510,77.30648940166954,"[0.26909049153070685, 0.41246806322734464]",[0.62847863 0.08483252],77846.32342358725,158.61297880333908,165.65590063906356
511,85.24616047122805,"[1.7313620125272537, 0.38211071839074917]",[2.12719048 0.51280278],77931.56958405848,174.4923209424561,181.5352427781806
512,138.27500372984028,"[1.0699072514356678, 0.22228890872589102]",[1.46161778 0.52619752],78069.84458778832,280.55000745968056,287.59292929540504
513,171.1314249069883,"[1.8803497378353446, 0.8569396354955641]",[0.58377376 0.42360828],78240.9760126953,346.2628498139766,353.30577164970106
514,172.28098844473303,"[0.2462612780668183, 0.11255765525322736]",[0.22596168 0.13522814],78413.25700114004,348.56197688946605,355.60489872519054
515,173.28679513998665,"[3.727381832341212, 0.481051218698032]",[0. 1.],78586.54379628002,350.5735902799733,357.6165121156978
