participant_id,best_nll,best_initial_guess,best_parameters,best_EV,AIC,BIC
1,137.74822781465588,"[0.2304282888538675, 0.9234825024847967]",[0.08435677 0.9999    ],[ 0.64635135  1.01936118 -0.46563527  0.11452034],279.49645562931175,286.09309036240785
2,133.248707359362,"[1.9268029405508413, 0.005196512255818104]",[4.99990000e+00 2.99361716e-04],[0.35312856 0.35010932 0.35302652 0.34982445],270.497414718724,277.09404945182007
3,137.9362943093035,"[1.3658400938721216, 0.23204524514976077]",[0.0001 0.0001],[0.40058452 0.39951457 0.40166124 0.40058452],279.872588618607,286.4692233517031
4,130.31639772045995,"[4.22263990780405, 0.5658212716522859]",[0.58126606 0.9999    ],[ 0.57448427  0.29154274  0.89659259 -0.22607573],264.6327954409199,271.229430174016
5,106.81428874245026,"[4.91915018634313, 0.6355932713704863]",[4.99990000e+00 7.69262649e-04],[0.28327999 0.27225503 0.27571742 0.27149987],217.62857748490052,224.22521221799659
6,134.0785124188198,"[4.035499775202687, 0.5576938959536224]",[0.72586357 0.15103918],[0.65647867 0.1015419  0.65389315 0.23666394],272.1570248376396,278.7536595707357
7,137.9362946094921,"[0.9030786386880316, 0.2249944431504255]",[0.0001 0.0001],[0.6893945  0.68714701 0.68982306 0.6893945 ],279.8725892189842,286.4692239520803
8,137.93629553435076,"[1.3861484157432087, 0.7040593070037718]",[0.0001 0.0001],[0.85432953 0.85598707 0.85546209 0.85598707],279.8725910687015,286.4692258017976
9,132.32514412128182,"[1.508054282882631, 0.9460468936227022]",[4.99990000e+00 2.10709742e-04],[0.59062887 0.58733396 0.5905379  0.58798263],268.65028824256365,275.24692297565974
10,111.08762127438848,"[0.7672539765743542, 0.05204929915447174]",[1.20956663 0.08345557],[0.48853757 0.1818063  0.77323711 0.08001109],226.17524254877696,232.77187728187303
11,92.83443238990871,"[4.786343329839675, 0.7808709474285863]",[1.94510661 0.06837189],[0.59286454 0.28621217 0.65968354 0.48070809],189.66886477981743,196.2654995129135
12,123.67807438532328,"[0.48292096779614774, 0.3888798681086163]",[4.99990000e+00 2.22890348e-04],[0.18907355 0.18316716 0.1831166  0.18281428],251.35614877064657,257.95278350374264
13,128.92981416866272,"[4.144051628799288, 0.8580916933933412]",[0.60201995 0.9999    ],[0.20487372 0.04377768 1.02985652 0.04861112],261.85962833732543,268.4562630704215
14,137.6401204656138,"[1.9225924989662067, 0.019927195425862902]",[0.18125773 0.51874828],[1.01396486 0.42253377 0.64692686 0.14990746],279.2802409312276,285.8768756643237
15,135.0397667444975,"[4.027939346548095, 0.3394030168437318]",[0.38366514 0.74082798],[ 0.24977585 -0.21617221  0.7334586  -0.4990372 ],274.079533488995,280.6761682220911
16,137.9362925163358,"[2.961627672646758, 0.8231282621570213]",[0.0001 0.0001],[1.0827834  1.08289955 1.08440955 1.08237186],279.8725850326716,286.4692197657677
17,135.7629970286617,"[3.37994854390572, 0.22917100045779276]",[0.29118621 0.9999    ],[-0.5475008   1.00284983  0.60123577  0.05855811],275.5259940573234,282.12262879041947
18,137.93628941214342,"[0.3234686636089134, 0.3662946239582106]",[0.0001 0.0001],[1.01683588 1.01514539 1.01666634 1.01701114],279.87257882428685,286.46921355738294
19,137.93628944231415,"[0.4126665615620026, 0.12234392936469501]",[0.0001 0.0001],[-0.30051383 -0.30169083 -0.30216988 -0.3034358 ],279.8725788846283,286.4692136177244
20,128.765926434134,"[1.4986859260076775, 0.03158358501436104]",[4.9999000e+00 4.9449298e-04],[0.54441052 0.54125735 0.54747799 0.54317964],261.531852868268,268.1284876013641
21,136.6117097390921,"[3.027306203511463, 0.06418752532108404]",[4.69041658e+00 1.00000000e-04],[1.15803061 1.1566512  1.15963661 1.15805901],277.2234194781842,283.8200542112803
22,137.7774265197342,"[4.666714700357162, 0.19204506583591444]",[0.13699753 0.47220977],[0.71120102 0.06618734 0.2627186  0.03824229],279.5548530394684,286.1514877725645
23,127.15640722215717,"[0.6540702854228545, 0.4011930751121441]",[0.76898564 0.37417648],[0.62697802 0.22498252 0.6804279  0.42423521],258.3128144443143,264.9094491774104
24,137.28056363579756,"[0.24696693090132593, 0.5988098145012981]",[0.42548038 0.13702442],[0.58449847 0.41054031 0.69347995 0.27990859],278.5611272715951,285.1577620046912
25,94.91762922187047,"[0.8012895354404924, 0.3102499681749543]",[4.99990000e+00 7.93892097e-04],[0.56644593 0.55232801 0.55955015 0.55581805],193.83525844374094,200.431893176837
26,93.00035961501665,"[0.9839549720359078, 0.0558878410492608]",[3.17951464 0.00561801],[0.27766595 0.15196668 0.21462484 0.15382771],190.0007192300333,196.59735396312936
27,88.21310609296926,"[1.3217253010514955, 0.06165478460671373]",[2.33725509 0.00983636],[ 0.15766097 -0.16137581 -0.02177827 -0.14248837],180.4262121859385,187.02284691903458
28,132.5094120098617,"[1.2387378341008948, 0.9274087079760517]",[1.0060553  0.08047394],[0.64038029 0.44907959 0.76257321 0.44368042],269.0188240197234,275.6154587528195
29,137.93629279778807,"[0.5192204718572153, 0.07570456811709968]",[0.0001 0.0001],[0.65839205 0.6563509  0.65835076 0.65682561],279.87258559557614,286.46922032867224
30,128.5669469860682,"[4.052061202103983, 0.44412108213232004]",[0.48696958 0.9999    ],[ 1.58075738 -0.05850449  0.32955804  0.21514827],261.1338939721364,267.7305287052325
31,120.45721376854857,"[4.207719360963222, 0.002366161027886328]",[2.39759451 0.01043451],[0.36233136 0.35685859 0.50097357 0.36233136],244.91442753709714,251.5110622701932
32,126.74783866157499,"[3.046348402487731, 0.7088731912136699]",[1.54375948 0.070412  ],[0.75398177 0.59142854 0.7371613  0.6505486 ],257.49567732314995,264.09231205624604
33,126.28456658349539,"[3.290136637579066, 0.5065052148168104]",[2.73012422 0.0027908 ],[-0.19008431 -0.15825179 -0.16875234 -0.24511716],256.5691331669908,263.16576790008685
34,113.32449596987149,"[0.6490755633470914, 0.567202986525106]",[1.19117577 0.44896922],[0.9687804  0.14261318 0.51591269 0.25109731],230.64899193974298,237.24562667283905
35,137.92374264664465,"[4.6423487119290625, 0.27226992819217033]",[0.15819154 0.01610553],[0.45699965 0.32013334 0.52836469 0.29336988],279.8474852932893,286.4441200263854
36,122.03068771052966,"[1.7910820259968019, 0.481240627722195]",[4.99990000e+00 4.96732018e-04],[0.11558872 0.11851488 0.11563061 0.11047815],248.06137542105932,254.6580101541554
37,122.72944458906345,"[0.1203112957930738, 0.47558220362139336]",[0.76311797 0.46865787],[ 0.4067074   0.27732868  1.0000937  -0.20377394],249.4588891781269,256.05552391122296
38,136.4411081442827,"[1.2790505305815265, 0.1831191210022114]",[4.99990000e+00 1.38166689e-04],[0.54136206 0.53982536 0.54201871 0.54023723],276.8822162885654,283.4788510216615
39,137.9145982414692,"[4.985654892348987, 0.22918665514987624]",[0.03795321 0.9999    ],[0.83482308 0.85656807 0.14945689 0.49344963],279.8291964829384,286.4258312160345
40,110.19566077655436,"[4.414602622068765, 0.9229101139334577]",[0.91014494 0.9999    ],[ 0.88390816  0.07385156 -0.16336337 -0.01426323],224.39132155310872,230.9879562862048
41,116.8572349962549,"[0.19561503945074638, 0.3119451258171632]",[4.99990000e+00 5.98396678e-04],[0.72764092 0.72383566 0.73373108 0.72633174],237.7144699925098,244.31110472560587
42,123.75501801076365,"[3.1711258571628775, 0.4705402222412875]",[0.96455438 0.30706358],[0.99213438 0.27260621 0.50720572 0.07023984],251.5100360215273,258.1066707546234
43,91.50692790847104,"[2.974463575324767, 0.3106321676885518]",[1.36297565 0.9999    ],[0.44975472 0.49399221 0.64322389 0.29170714],187.01385581694208,193.61049055003815
44,131.9424470536906,"[0.685349922163112, 0.9338971041762818]",[0.53732104 0.9999    ],[0.13823612 0.43407569 0.92600233 0.40411275],267.8848941073812,274.48152884047727
45,133.7004197438514,"[1.569274789726095, 0.8900292576356427]",[4.99990000e+00 2.12082165e-04],[0.28800699 0.28466006 0.28707856 0.2846541 ],271.4008394877028,277.9974742207989
46,136.20676879291784,"[2.111500033029884, 0.5309490504707891]",[0.55709598 0.20159876],[0.68200461 0.22180709 0.57930049 0.28163255],276.4135375858357,283.0101723189318
47,123.27662666474927,"[2.3476322596268084, 0.937040005137812]",[0.93818063 0.27103653],[0.40791737 0.16150231 0.86883231 0.27699435],250.55325332949855,257.14988806259464
48,73.11016801390437,"[3.1481006054026834, 0.971751772512213]",[1.9088239  0.35815789],[0.50059061 0.58397478 0.7986225  0.24872367],150.22033602780874,156.8169707609048
49,119.71911108276133,"[1.396624521414655, 0.686180025431103]",[4.99990000e+00 5.40707541e-04],[0.58569585 0.58246989 0.58372563 0.57770025],243.43822216552266,250.03485689861873
50,137.38457713737571,"[1.0919152870972941, 0.9681658383125408]",[4.99990000e+00 1.40538224e-04],[0.28545423 0.28546794 0.28568091 0.28439118],278.76915427475143,285.3657890078475
51,135.6234596328049,"[0.2877076384965855, 0.3074588072587194]",[0.39586931 0.9999    ],[0.35596467 0.44858027 0.31913149 0.85714428],275.2469192656098,281.8435539987059
52,132.55245199422663,"[0.32260039912121097, 0.3624936821058029]",[0.83467763 0.04351692],[0.53350236 0.0522047  0.29350379 0.10890456],269.10490398845326,275.70153872154935
53,137.50422684942114,"[3.812976470690487, 0.7084035804612956]",[0.17597729 0.9999    ],[ 0.73192436  0.72947745  0.68812744 -0.2581691 ],279.0084536988423,285.6050884319384
54,137.46314491138975,"[4.296932705072256, 0.5906827728641348]",[0.18644766 0.9999    ],[5.54344879e-01 7.20058518e-01 1.02848588e+00 2.78706547e-05],278.9262898227795,285.5229245558756
55,125.10995722480378,"[4.81317667610797, 0.22034917501733123]",[4.99990000e+00 5.27560214e-04],[0.85261168 0.84644589 0.8528927  0.84912676],254.21991444960756,260.8165491827036
56,137.05495067923695,"[2.9145028309980137, 0.6942775715448192]",[4.99990000e+00 1.79903618e-04],[0.51959322 0.51920492 0.52074015 0.51899697],278.1099013584739,284.70653609157
57,137.93628945995047,"[3.6089387707529923, 0.25863486875632274]",[0.0001 0.0001],[0.54754549 0.54607054 0.54751437 0.54620438],279.87257891990095,286.46921365299704
58,127.97942184095697,"[0.23294064197309045, 0.10338613167572203]",[0.85618039 0.25927584],[0.82815602 0.39780951 0.59407777 0.17013088],259.95884368191395,266.55547841501004
59,107.60409053507186,"[4.818649448598657, 0.4404536201123311]",[0.89958295 0.81202965],[ 0.55270194  0.26245     0.93476169 -0.42775087],219.20818107014372,225.8048158032398
60,111.20533782950778,"[1.8460845286098566, 0.009806234146113557]",[2.17071112 0.01704945],[0.54355783 0.29471223 0.43393133 0.3550036 ],226.41067565901557,233.00731039211163
61,131.03497798230828,"[4.448354035876448, 0.5122092837178469]",[0.48388494 0.9999    ],[0.50069282 0.25844715 1.47662652 0.75916342],266.06995596461655,272.66659069771265
62,120.07746446782176,"[3.2074601295589664, 0.0023533745143525463]",[4.99990000e+00 5.02532108e-04],[0.52409872 0.51656597 0.52008213 0.51593043],244.1549289356435,250.75156366873958
63,124.85139471118607,"[0.6848344551406566, 0.7932087849412162]",[4.99990000e+00 5.82946039e-04],[0.72387842 0.71929413 0.72357927 0.71987303],253.70278942237215,260.2994241554682
64,128.88768791838643,"[1.0003891634765656, 0.04500193445931371]",[1.77126211 0.01496121],[0.4730528  0.30648483 0.40857781 0.25170846],261.77537583677287,268.37201056986896
65,131.81979018111937,"[3.804320670446134, 0.6983847209977556]",[0.60793362 0.9999    ],[0.66801002 0.72987562 1.00389582 0.728789  ],267.63958036223875,274.23621509533484
66,133.92260892081597,"[1.7156530754405972, 0.24082432457820874]",[4.99990000e+00 2.56327159e-04],[0.20749664 0.20465451 0.20553759 0.20473336],271.84521784163195,278.44185257472805
67,129.90886880171112,"[3.495745433250547, 0.38904292935596513]",[0.6217537 0.9999   ],[1.03507089 0.09582135 0.78712246 0.70589694],263.81773760342224,270.41437233651834
68,137.7333870094614,"[4.7651726009882855, 0.8163826791697391]",[0.13083619 0.9999    ],[ 0.59836606  0.36263326  0.37994076 -0.10361364],279.4667740189228,286.0634087520189
69,112.03010192423262,"[3.189347760833673, 0.44057821520992513]",[4.99990000e+00 1.83938277e-03],[0.61741109 0.61036964 0.61748515 0.60832133],228.06020384846525,234.65683858156132
70,106.69995064666969,"[4.747005379229041, 0.9091413253112423]",[1.10747751 0.08449503],[0.8044824  0.08493259 0.74437146 0.06690038],217.39990129333938,223.99653602643545
71,137.93629162458413,"[4.846933330092258, 0.17362535208435972]",[0.0001 0.0001],[0.69178367 0.69060933 0.69211903 0.69058747],279.87258324916826,286.46921798226435
72,101.6395100325608,"[0.14645192957679526, 0.03875781831712121]",[1.22460871 0.40314843],[ 0.79224623  0.21044366  0.68943214 -0.19875054],207.2790200651216,213.87565479821768
73,128.51951488835599,"[4.698824175417603, 0.8674524743965163]",[0.54782679 0.72813065],[ 1.18031815 -0.49673419  0.39412191 -0.47579789],261.03902977671197,267.63566450980807
74,137.93628976944714,"[2.4300996332261215, 0.09124284757405941]",[0.0001 0.0001],[-0.26837961 -0.26929028 -0.26953035 -0.2711561 ],279.8725795388943,286.4692142719904
75,133.02485834491537,"[2.377492470950601, 0.5395807954272169]",[4.99990000e+00 2.02317931e-04],[0.81105691 0.80837952 0.81258131 0.81013315],270.04971668983075,276.64635142292684
76,137.93629147085417,"[0.2565436981577863, 0.4229349541679335]",[0.0001 0.0001],[0.87888404 0.87572538 0.87863408 0.87813611],279.87258294170834,286.46921767480444
77,128.99555661998735,"[0.49870597401004046, 0.9650725067995143]",[0.76805769 0.22808621],[ 1.07375331  0.46181779  0.81796549 -0.02255462],261.9911132399747,268.5877479730708
78,135.2309275769494,"[4.786209027851428, 0.17785063857718886]",[0.47409758 0.69583978],[0.71970467 0.02779272 0.60076329 0.66612634],274.4618551538988,281.0584898869949
79,136.79309006067515,"[2.860621259923552, 0.25182116949971517]",[1.12379771 0.00970957],[0.94997486 0.86225406 1.03880637 0.94130925],277.5861801213503,284.1828148544464
80,137.93629151131324,"[1.969317116108641, 0.5575757096479]",[0.0001 0.0001],[0.05434549 0.05353494 0.05362991 0.05265061],279.8725830226265,286.4692177557226
81,88.17286678755177,"[0.6797811216397119, 0.3472347686189093]",[2.03491485 0.18730627],[0.67504725 0.53557263 0.80406567 0.380718  ],180.34573357510354,186.9423683081996
82,137.93629106683673,"[0.4017908600929172, 0.7901000359050763]",[0.0001 0.0001],[-0.04693148 -0.04692502 -0.04747262 -0.04837916],279.87258213367346,286.46921686676956
83,120.45258190201001,"[4.177860918173155, 0.06505852571580648]",[4.99990000e+00 2.77546721e-04],[-0.11490674 -0.12076869 -0.1205751  -0.12379568],244.90516380402002,251.5017985371161
84,137.93628955844534,"[0.4083107384235153, 0.6636110477201772]",[0.0001 0.0001],[0.65378375 0.65304489 0.65411645 0.65315644],279.8725791168907,286.4692138499868
85,123.07821281931625,"[1.5021009487166164, 0.3135168304462699]",[4.99990000e+00 4.05803804e-04],[0.28644575 0.28074096 0.28146841 0.27868899],250.1564256386325,256.75306037172857
86,131.67408308435486,"[0.21262241594291698, 0.45975303771421056]",[0.43469486 0.27738648],[0.76233873 0.04864422 0.7712366  1.53780616],267.3481661687097,273.9448009018058
87,94.76984372776893,"[2.2746822201646637, 0.06536284601219139]",[1.54782041 0.08700736],[0.60299023 0.26601087 0.88393657 0.26601087],193.53968745553786,200.13632218863393
88,108.76567703294658,"[3.739596120459809, 0.7845211127240312]",[4.99990000e+00 1.96612144e-04],[-0.26951431 -0.28040149 -0.27898436 -0.27841018],221.53135406589317,228.12798879898924
89,104.39031835353848,"[1.727219895773934, 0.8960575740429347]",[1.12859507 0.35520839],[ 0.88443938  0.47455609  0.76918861 -0.03929831],212.78063670707695,219.37727144017302
90,137.8561255891027,"[3.539856999983009, 0.17509260167750149]",[4.22576256e+00 1.00000000e-04],[-0.10696774 -0.10758367 -0.10748744 -0.10827705],279.7122511782054,286.3088859113015
91,88.77246115181606,"[1.611131535086807, 0.8293684890638933]",[2.15128628 0.09206113],[0.10307829 0.1584665  0.09734844 0.24311941],181.54492230363212,188.1415570367282
92,134.9849844348458,"[1.1812978683864417, 0.4035509208429291]",[2.44495258 0.00253905],[-0.32399302 -0.32852514 -0.37569042 -0.35199297],273.9699688696916,280.5666036027877
93,133.08458034669482,"[3.693557505981076, 0.9167427590060552]",[0.67179517 0.31769834],[0.6626795  0.26919948 0.74509605 0.44178993],270.16916069338964,276.76579542648574
94,137.3086774156129,"[4.668543878951128, 0.49863685694372756]",[0.2817113  0.49356603],[0.80308891 0.46944101 0.90253238 0.50214755],278.6173548312258,285.2139895643219
95,129.04179126581633,"[4.089190117011474, 0.47338404921593963]",[4.99990000e+00 1.77271958e-03],[0.23002142 0.23451949 0.23247211 0.23096897],262.08358253163266,268.68021726472875
96,137.93629182957403,"[3.753806489553284, 0.23257130882868352]",[0.0001 0.0001],[0.4891839  0.48747094 0.48922981 0.48856444],279.87258365914806,286.46921839224416
97,134.43377620796514,"[2.5751883038032157, 0.42344080104257714]",[4.99990000e+00 1.17363048e-04],[-0.01267465 -0.01517722 -0.01377138 -0.01575188],272.8675524159303,279.4641871490264
98,123.03032579050678,"[0.584590669864296, 0.45331156826794156]",[1.0055042  0.62919668],[0.74510695 0.21751283 0.68617499 0.46634293],250.06065158101356,256.6572863141096
99,131.26963345513008,"[0.5876334200258917, 0.6907814297007158]",[0.59308227 0.9999    ],[ 0.85934678  0.26111646  0.26435906 -0.05566227],266.53926691026015,273.13590164335625
100,112.99008901187852,"[2.4018691448339893, 0.05449720144089239]",[1.46959492 0.16633496],[0.59904748 0.33536967 0.28234324 0.4636569 ],229.98017802375705,236.57681275685312
101,137.31259202123638,"[0.34326279204243304, 0.8171694138938185]",[0.27432382 0.9999    ],[0.38064355 0.40127932 0.22337804 0.26693754],278.62518404247277,285.22181877556886
102,99.41498813528042,"[2.812906249201483, 0.015438430055968786]",[4.99990000e+00 2.53319352e-04],[-0.34646443 -0.33625866 -0.33939359 -0.34852223],202.82997627056085,209.42661100365692
103,137.5565242134323,"[3.315574196888576, 0.6143159108347843]",[4.81824588e+00 1.00000000e-04],[0.41507753 0.41464661 0.41577312 0.4143316 ],279.1130484268646,285.7096831599607
104,131.1841240464175,"[1.0830140255135503, 0.26295214163366476]",[4.99990000e+00 3.40705999e-04],[0.49970288 0.49541955 0.4991125  0.49614968],266.368248092835,272.9648828259311
105,137.9362931973229,"[4.40469801871215, 0.6972978578510398]",[0.0001 0.0001],[1.39272151 1.39187031 1.39462868 1.39340549],279.8725863946458,286.4692211277419
106,132.88142574791684,"[0.3939128866539386, 0.6812184031300347]",[0.51470583 0.9999    ],[0.81221736 0.20793876 0.22223969 0.48443121],269.7628514958337,276.35948622892977
107,101.82985608696968,"[2.3713109076521626, 0.01977001445227653]",[4.99990000e+00 1.42404008e-03],[0.57376348 0.56510644 0.57281591 0.56152751],207.65971217393937,214.25634690703544
108,97.57289870182518,"[0.15671910683126472, 0.29300747514477604]",[1.21437541 0.9999    ],[ 0.39972948  0.03840437  0.56702973 -0.06155051],199.14579740365036,205.74243213674643
109,58.37320164044295,"[2.4335814671988127, 0.0633379312450716]",[2.16453397 0.25138139],[0.48899994 0.3118263  0.67990603 0.22522559],120.7464032808859,127.34303801398197
110,137.84623544560478,"[2.3084770475955687, 0.16615621661711222]",[4.4349636e+00 1.0000000e-04],[0.13978467 0.13958093 0.14028295 0.13914694],279.69247089120955,286.28910562430565
111,127.04060717101459,"[0.16053821445427405, 0.022731532530920622]",[0.65763694 0.48929636],[ 0.42044351 -0.04848857  1.02646936  0.13347967],258.08121434202917,264.67784907512527
112,125.4271287628928,"[3.0019249918152906, 0.9903695544834606]",[0.84078041 0.9999    ],[0.66819753 0.38270795 0.75014534 0.62149577],254.8542575257856,261.4508922588817
113,137.93629517899546,"[2.418841089945924, 0.23980620397473626]",[0.0001 0.0001],[0.78068694 0.77848517 0.78123205 0.77929174],279.87259035799093,286.469225091087
114,126.5220294198342,"[1.365968047102135, 0.9286038869836215]",[0.92320309 0.57716776],[0.67592749 0.18702333 0.52673762 0.10613699],257.0440588396684,263.64069357276446
115,43.309505841320906,"[1.9614270892958487, 0.03823008368088641]",[4.99990000e+00 1.54555563e-03],[0.19453287 0.21679656 0.22544721 0.19453287],90.61901168264181,97.21564641573788
116,137.31741083880885,"[3.655886133590937, 0.07350586685641684]",[0.41060192 0.12096876],[0.67481959 0.38255666 0.74561394 0.43683616],278.6348216776177,285.2314564107138
117,51.619802662957426,"[0.46323279774520415, 0.17385368009994234]",[2.83506662 0.15994542],[0.74538119 0.49639501 0.74997112 0.55591713],107.23960532591485,113.83624005901092
118,125.01747271035337,"[2.3664983486024123, 0.0027442153632401775]",[0.95394074 0.49345525],[0.89599878 0.14788242 0.66683934 0.62339449],254.03494542070675,260.6315801538028
119,125.18001767849763,"[1.1407288525027415, 0.7680191864814128]",[0.92813671 0.40605401],[0.50241654 0.62715721 0.29428812 0.04700424],254.36003535699527,260.95667009009134
120,136.49762558940128,"[0.2349583168704862, 0.14615518653665194]",[1.01847825 0.02066809],[0.66444228 0.4687438  0.72444855 0.61225047],276.99525117880256,283.59188591189866
121,137.93629279169963,"[2.156414599076458, 0.5835287314036408]",[0.0001 0.0001],[1.01089168 1.00997466 1.01209526 1.01080784],279.87258558339926,286.46922031649535
122,132.30550578651014,"[1.8885381549326286, 0.22622626889458877]",[1.00168771 0.03696206],[ 0.33042212  0.3153717   0.43584977 -0.02325332],268.6110115730203,275.2076463061164
123,128.26605710183918,"[0.1626577857307317, 0.5181774887497458]",[4.99990000e+00 3.68919762e-04],[0.22453857 0.22481008 0.22871194 0.22214165],260.53211420367836,267.12874893677446
124,116.67330680101234,"[3.7659109871922656, 0.08251715527327091]",[1.87584583 0.02759923],[0.55890364 0.39751499 0.60427696 0.40922613],237.3466136020247,243.94324833512076
125,137.35934287628396,"[3.2129733929626156, 0.057852917727375844]",[0.32223708 0.14449746],[0.62676713 0.3862796  0.61701177 0.03615509],278.7186857525679,285.315320485664
126,128.69935992916484,"[1.4298099648544584, 0.44679335024695377]",[0.68262443 0.63721446],[0.71973688 0.45958162 0.87421575 0.05985459],261.3987198583297,267.9953545914258
127,70.7123272084574,"[2.2496745934123394, 0.6549808013472629]",[1.89028441 0.24961658],[0.44160901 0.36189733 0.74836356 0.14940386],145.4246544169148,152.02128915001086
128,121.6544209519744,"[3.9203060854447753, 0.6537543057432625]",[4.99990000e+00 5.91989159e-04],[0.45048921 0.44396326 0.4486596  0.44357915],247.3088419039488,253.90547663704487
129,132.97442129322675,"[3.6252679641942174, 0.5541124891075948]",[0.55908476 0.82178943],[0.10497582 0.25580543 0.64969977 0.13449023],269.9488425864535,276.5454773195496
130,136.96078537595687,"[4.9033665247601395, 0.8912888058080393]",[4.99457777e+00 1.00000000e-04],[0.38731097 0.38599536 0.38711144 0.3861256 ],277.92157075191375,284.51820548500984
131,136.82463581053003,"[4.124566830527203, 0.92522773369328]",[4.76346657e+00 1.00000000e-04],[1.04440468 1.04327234 1.04556123 1.0446052 ],277.64927162106005,284.24590635415615
132,137.93628941658355,"[4.014660895113475, 0.16291720676863847]",[0.0001 0.0001],[0.80747487 0.80666024 0.80795772 0.80649669],279.8725788331671,286.4692135662632
133,108.29879914227223,"[0.5438475920202177, 0.5475052702433777]",[4.99990000e+00 3.82217024e-04],[-0.08056069 -0.07350738 -0.07338031 -0.08376897],220.59759828454446,227.19423301764053
134,137.9362943655928,"[1.0518627551023743, 0.8041194319754583]",[0.0001 0.0001],[0.79404767 0.79515398 0.79558442 0.79335567],279.8725887311856,286.4692234642817
135,134.5240518531906,"[2.128410858779859, 0.9471611835140503]",[0.62955751 0.07020803],[0.63932642 0.07779427 0.3560678  0.04667625],273.0481037063812,279.6447384394773
136,137.93629832491303,"[1.9348634495965853, 0.07203016816106023]",[0.0001 0.0001],[0.71681468 0.7141149  0.71704579 0.71565106],279.87259664982605,286.46923138292215
137,82.94874066478587,"[1.508058510637102, 0.2346404035633339]",[2.11827153 0.10245103],[0.02675686 0.32694301 0.25038642 0.31174257],169.89748132957175,176.4941160626678
138,135.45195921130298,"[4.0075714682660495, 0.8853173567274296]",[0.37132798 0.66774361],[0.47884768 0.05047256 1.06223853 0.15568678],274.90391842260595,281.50055315570205
139,137.9362902442824,"[0.6061465267006337, 0.5016904972884405]",[0.0001 0.0001],[-0.22703843 -0.22828739 -0.22967301 -0.22903741],279.8725804885648,286.4692152216609
140,117.1366230447261,"[1.303037921552288, 0.8138690261410255]",[2.09547873 0.01777589],[0.70697887 0.65809727 0.9250801  0.73456432],238.2732460894522,244.86988082254825
141,137.93629124042417,"[0.9760980958198845, 0.4204939129577162]",[0.0001 0.0001],[0.67173866 0.66988017 0.67154197 0.67110124],279.87258248084834,286.46921721394443
142,134.1079341668131,"[3.3953574436012617, 0.48624211827008496]",[0.2789021 0.9999   ],[ 1.28112206  1.49450109  0.94993302 -0.71991918],272.2158683336262,278.8125030667223
143,112.00032465197876,"[2.5052619288481233, 0.33488885876891406]",[1.06542104 0.04427997],[ 0.46812528 -0.14676788 -0.28528993  0.02527159],228.00064930395752,234.59728403705358
144,104.40126465649124,"[2.2274783471483155, 0.27019866063604303]",[1.16929875 0.79503059],[ 0.3331374  -0.02725204  0.23494829 -0.10572792],212.80252931298247,219.39916404607854
145,59.50043766629976,"[3.556849853039448, 0.8643410000247275]",[1.55019212 0.9999    ],[ 0.04857864 -0.23300499  0.2810131  -0.34442578],123.00087533259952,129.5975100656956
146,132.9835411963652,"[0.3473180481048388, 0.6031543252065422]",[0.50978673 0.9999    ],[0.63924802 0.24178777 0.85583327 0.7589874 ],269.9670823927304,276.5637171258265
147,99.28944869579921,"[4.733662489926265, 0.9250242776905515]",[2.48920111 0.02703791],[0.61524749 0.48786705 0.68047047 0.526993  ],202.57889739159842,209.17553212469448
148,107.39018953239021,"[4.060870802361382, 0.4035627668459399]",[1.12601326 0.44455837],[ 0.24121963  0.12314414  0.59808707 -0.12549692],218.78037906478042,225.3770137978765
149,136.97141364384578,"[0.3333683242708529, 0.04543525448377871]",[0.54128558 0.08978128],[0.73380719 0.49625026 0.53407754 0.21145062],277.94282728769156,284.53946202078765
150,135.9122350817052,"[4.122502568831569, 0.6472733907861218]",[0.27557447 0.9999    ],[ 1.0348194  -0.54630873  0.13956597  0.78876412],275.8244701634104,282.4211048965065
151,75.58858654099873,"[3.712659938219416, 0.9075659436467164]",[2.54645666 0.01063083],[ 0.32680004  0.03112168  0.19392586 -0.0033855 ],155.17717308199747,161.77380781509353
152,123.33031996010651,"[0.9719788508236966, 0.9766951111755691]",[4.99990000e+00 1.84211391e-04],[-0.00640792 -0.01242604 -0.01207873 -0.01362124],250.66063992021301,257.2572746533091
153,137.93629737798213,"[3.9060000864069466, 0.9536478775928687]",[0.0001 0.0001],[0.67001287 0.66766605 0.66965757 0.6685136 ],279.87259475596426,286.46922948906035
154,136.7685976730017,"[1.0886077753343262, 0.9983339431025647]",[4.99990000e+00 1.04752302e-04],[0.34517458 0.34352569 0.34480679 0.34381935],277.5371953460034,284.1338300790995
155,102.93407323865179,"[0.5273379255368563, 0.09468174816389026]",[4.99990000e+00 5.39743331e-04],[-0.32879051 -0.32628997 -0.33444626 -0.33965751],209.86814647730358,216.46478121039965
156,127.18890920279634,"[1.2715034476989566, 0.27789946754744577]",[1.59970595 0.02331119],[0.7078043  0.42090967 0.6201224  0.52642529],258.3778184055927,264.9744531386888
157,128.84937248188615,"[1.6123777132297443, 0.39835129177441836]",[0.48985388 0.9999    ],[ 1.80723032 -0.22569849  1.23440788  1.41384129],261.6987449637723,268.2953796968684
158,136.38125704885886,"[0.4189117905351009, 0.7763506938353332]",[0.33217511 0.77132713],[0.3297742  0.78536202 1.01460539 0.33655657],276.7625140977177,283.3591488308138
159,127.33775881969324,"[1.7112170756541438, 0.41453517732211337]",[0.97527119 0.13609436],[0.63114786 0.29852638 0.8582563  0.26021657],258.6755176393865,265.27215237248254
160,137.9363041399602,"[1.546039105692177, 0.15005920338364304]",[0.0001 0.0001],[1.24352808 1.24800138 1.24800138 1.24404735],279.8726082799204,286.4692430130165
161,120.9022707922861,"[1.5419956084007422, 0.2566701742295087]",[1.04718238 0.1477148 ],[0.69968875 0.30251372 1.05464992 0.25715067],245.8045415845722,252.40117631766827
162,66.75501824994858,"[2.7032545792471385, 0.813911406146536]",[2.32638293 0.05433037],[0.59720492 0.40230763 0.7299988  0.42491495],137.51003649989715,144.10667123299322
163,96.66830006193679,"[0.8016256343262911, 0.08982084343834293]",[1.82805708 0.09880326],[-0.01100254  0.28487807  0.22389834  0.30409073],197.33660012387358,203.93323485696965
164,19.233060565834844,"[1.5939623681740158, 0.24234782449743691]",[4.9999     0.09885907],[0.82956764 0.38466811 0.81735017 0.38466811],42.46612113166969,49.06275586476576
165,137.93628980961944,"[1.7732496445803698, 0.9708992608285864]",[0.0001 0.0001],[0.44516431 0.44361566 0.44462648 0.44383901],279.8725796192389,286.469214352335
166,128.55008803633078,"[3.7812271196883938, 0.690257758257844]",[4.999900e+00 2.153211e-04],[-0.09482326 -0.09630663 -0.09466587 -0.10002828],261.10017607266155,267.69681080575765
167,137.93628984407556,"[4.614298751827071, 0.1923496855477003]",[0.0001 0.0001],[0.37420074 0.37253381 0.37300146 0.3722753 ],279.8725796881511,286.4692144212472
168,93.7619750496962,"[3.7802588016989764, 0.6753924283083007]",[2.42940336 0.01210324],[0.31322041 0.04711007 0.1429873  0.00353348],191.5239500993924,198.12058483248848
169,120.89796592020306,"[4.95968710134798, 0.8059711542446625]",[1.42693383 0.0517981 ],[0.66182331 0.50522428 0.81177376 0.40846436],245.79593184040613,252.3925665735022
170,84.14366526530837,"[4.919085534278732, 0.4198487485872943]",[4.9999000e+00 1.3804448e-03],[0.60925853 0.59992499 0.61271298 0.59771017],172.28733053061674,178.8839652637128
171,137.86927343733277,"[0.2248309292004508, 0.7914560214466425]",[0.09401033 0.75297215],[0.4308376  0.8882253  0.81837812 0.82172666],279.73854687466553,286.3351816077616
172,114.087631559047,"[3.1875202889468626, 0.2932387314964294]",[1.29994009 0.3379001 ],[0.5005075  0.41438112 0.71954256 0.35839078],232.175263118094,238.77189785119006
173,125.91277832613072,"[4.36016164588721, 0.9448019522234639]",[4.99990000e+00 4.45860523e-04],[0.29792321 0.29187312 0.29290434 0.29243117],255.82555665226144,262.4221913853575
174,129.71401671574918,"[0.5108888187030853, 0.2723749805445252]",[0.57003836 0.9999    ],[ 0.88525869  0.62406293  1.002974   -0.11132092],263.42803343149836,270.02466816459446
175,130.05450518297596,"[1.0032986204231515, 0.6491908703785366]",[0.58694965 0.93389845],[-0.33714116  0.37872124  0.32498536  0.3658154 ],264.1090103659519,270.705645099048
176,115.41204435058859,"[2.0360963282952422, 0.5220163947697514]",[1.61638325 0.04520474],[0.61300042 0.37823451 0.73087573 0.3211264 ],234.82408870117717,241.42072343427324
177,64.54046491653962,"[1.1260347320990962, 0.24818026965047904]",[1.73934724 0.59769454],[0.80237642 0.2424224  1.09260761 0.30983835],133.08092983307924,139.6775645661753
178,107.29670460400499,"[4.511115784477315, 0.6356328216253557]",[0.85673855 0.9999    ],[ 1.08775569 -0.11722208 -0.56921526 -0.1544189 ],218.59340920800997,225.19004394110604
179,61.35904564554199,"[1.130699241519858, 0.5296085129007122]",[4.99990000e+00 2.74111011e-03],[0.27689089 0.18479199 0.18479199 0.18548104],126.71809129108398,133.31472602418006
180,137.93629013206836,"[1.126277039603128, 0.3603754771420504]",[0.0001 0.0001],[0.99821676 0.99671732 0.99908347 0.99733586],279.87258026413673,286.4692149972328
181,84.77422404108103,"[2.6363097651863012, 0.6999988760827437]",[1.50933461 0.12821805],[ 0.09049241  0.25824757  0.64436997 -0.02287676],173.54844808216205,180.14508281525812
182,132.0968301831573,"[0.09393818234861348, 0.6948903384710439]",[0.7282555  0.28423296],[0.76734002 0.6978501  0.64108542 0.18259339],268.1936603663146,274.7902950994107
183,132.5843851263511,"[0.7670075197223609, 0.8134572992972017]",[0.52881433 0.86352211],[ 0.28994804  0.28379956 -0.179737   -0.21720114],269.1687702527022,275.7654049857983
184,131.07368450591818,"[0.17196657596142584, 0.16332579226301963]",[0.62271347 0.9999    ],[ 0.29118135 -0.36347442 -0.03600717 -0.05753928],266.14736901183636,272.74400374493246
185,136.35552005113823,"[0.32523456685207613, 0.7412865690944317]",[4.99990000e+00 1.44582143e-04],[0.4963981  0.49491486 0.49640963 0.49430731],276.71104010227646,283.30767483537255
186,121.54081337759497,"[0.7129941225547766, 0.061647114398032714]",[1.85031698 0.03692495],[0.72615712 0.55922018 0.8016963  0.62388295],247.08162675518994,253.678261488286
187,105.03177542659502,"[2.625624447001279, 0.44676097368797485]",[1.08713161 0.9999    ],[ 0.4219419  0.3186474  0.1973918 -0.5251599],214.06355085319004,220.6601855862861
188,137.91434002218696,"[4.577481000939325, 0.8572883630515207]",[0.04066049 0.9999    ],[ 0.39640244  0.18999511  0.94767776 -0.18687456],279.8286800443739,286.42531477747
189,132.3003307422999,"[4.393157615287912, 0.9528944477798806]",[0.53994912 0.9999    ],[-0.19245247  0.26118065 -0.74453886  0.32883956],268.6006614845998,275.1972962176959
190,127.72910670213217,"[4.686850759631313, 0.7169058152545827]",[0.90161456 0.33893431],[0.74541627 0.11289159 0.62406753 0.45774097],259.45821340426437,266.0548481373604
191,137.9362918631451,"[0.29122589730488097, 0.9466198207397779]",[0.0001 0.0001],[1.00701116 1.00468376 1.00762873 1.00686871],279.8725837262902,286.4692184593863
192,113.96081424258387,"[0.6639625285618982, 0.987496505392864]",[4.99990000e+00 8.82341647e-04],[0.712929   0.70415558 0.71446076 0.70948702],231.92162848516773,238.5182632182638
193,115.31473227803919,"[2.8478729298746295, 0.9899248138420242]",[1.13129871 0.16576723],[0.57230858 0.06985624 0.62293538 0.1526197 ],234.62946455607837,241.22609928917444
194,53.283749620639526,"[0.40221791855726535, 0.9132148051448294]",[2.2201958  0.34241341],[0.4833264  0.23382123 0.31509177 0.15024891],110.56749924127905,117.16413397437512
195,135.55240933531218,"[4.344885333727818, 0.12783119473549182]",[4.99990000e+00 1.33537638e-04],[0.05302425 0.05327923 0.05360266 0.05082783],275.10481867062435,281.70145340372045
196,126.55639259576175,"[4.18491540592558, 0.7108714342788909]",[1.32010619 0.10399247],[0.6102158  0.41488519 0.78309498 0.63281073],257.11278519152347,263.70941992461957
197,131.69504142957015,"[1.3770469639802771, 0.5051403979476817]",[0.73526586 0.30021831],[0.90387978 0.33509409 0.72479265 0.37602895],267.3900828591403,273.9867175922364
198,137.93628925304202,"[0.995085700534181, 0.3510531153077951]",[0.0001 0.0001],[0.30107882 0.30106935 0.30107882 0.30098283],279.87257850608404,286.46921323918014
199,137.60504957057668,"[0.25467183095793405, 0.04829400405650038]",[0.21336217 0.42313475],[0.80153265 0.33840856 0.88317977 0.27570808],279.21009914115336,285.80673387424946
200,53.43774171771971,"[1.7549580560552698, 0.3400013728287448]",[1.87698805 0.33950565],[ 0.62919624  0.15488995  0.40956761 -0.0661313 ],110.87548343543942,117.47211816853549
201,80.57567321063763,"[2.3465803830036145, 0.14645006413828102]",[2.69028709 0.00489052],[ 0.13855417 -0.10291528 -0.10291528 -0.01806635],165.15134642127526,171.74798115437133
202,81.93475718980912,"[3.9816606284697365, 0.34989288744140135]",[1.39745689 0.73839571],[ 0.38708297  0.11625493  0.42544358 -0.18585673],167.86951437961824,174.4661491127143
203,102.917585049949,"[1.5129289330493265, 0.7403700686052713]",[1.34080796 0.37637732],[0.96517571 0.30445354 0.63198672 0.15713217],209.835170099898,216.43180483299406
204,128.96908614428153,"[1.1261191617808466, 0.6288203140944729]",[0.61441203 0.61544632],[-0.31268258  0.22480648  0.75596153 -0.12049465],261.93817228856307,268.53480702165916
205,137.70971821622155,"[0.2221548672166721, 0.6850479853385334]",[0.10043681 0.9999    ],[0.43627483 0.00653082 1.00598746 0.81099339],279.4194364324431,286.0160711655392
206,117.1761538924047,"[2.245630795791622, 0.8587354799063853]",[4.99990000e+00 5.87916751e-04],[0.25176785 0.24419343 0.24811377 0.24187229],238.3523077848094,244.94894251790546
207,127.2295247401081,"[0.21035052872922969, 0.17974237339426796]",[0.91945485 0.66531422],[ 0.41668204  0.25367124  0.25726684 -0.02487997],258.4590494802162,265.0556842133123
208,100.73858274268125,"[2.4845902750239666, 0.008627466235985636]",[4.99990000e+00 3.69100698e-04],[0.24064985 0.22769698 0.23007221 0.22763761],205.4771654853625,212.07380021845856
209,137.93629267473995,"[1.0759847738119779, 0.3965864831410478]",[0.0001 0.0001],[0.98639496 0.9862015  0.98797956 0.98574287],279.8725853494799,286.469220082576
210,130.3100309257673,"[2.6022202490788717, 0.9726269197455845]",[4.99990000e+00 2.99313269e-04],[0.15939032 0.15830131 0.15924523 0.15440705],264.6200618515346,271.2166965846307
211,70.97059762890292,"[1.7772920786845117, 0.7322467085046404]",[1.68523074 0.50701162],[0.67656917 0.40913301 0.50762195 0.01822776],145.94119525780584,152.5378299909019
212,137.93628930858657,"[2.3270135849749067, 0.42520578607165715]",[0.0001 0.0001],[0.58828008 0.58731385 0.58910034 0.58822846],279.87257861717313,286.46921335026923
213,129.06587519268092,"[3.612805769950715, 0.8468335237951397]",[0.50119037 0.71580599],[ 1.1746717   0.1298213   0.07473408 -0.64211179],262.13175038536184,268.72838511845794
214,135.19945969361498,"[0.11051566244897806, 0.0689555783224217]",[4.99990000e+00 1.60607629e-04],[-0.25024528 -0.24999763 -0.2520473  -0.25249116],274.39891938722997,280.99555412032606
215,93.21732544665178,"[4.253497799199854, 0.35823512933110657]",[1.25977212 0.20526298],[-0.28520059  0.30334443 -0.28520059  0.13872332],190.43465089330357,197.03128562639964
216,137.93629199006278,"[3.574845095878048, 0.7911792670837382]",[0.0001 0.0001],[0.9536799  0.95630125 0.95541827 0.95607058],279.87258398012557,286.46921871322166
217,75.62183857975197,"[1.7029304160946361, 0.34201430213274747]",[2.07892168 0.03996894],[0.5980408  0.13954949 0.17360436 0.19632809],155.24367715950393,161.8403118926
218,99.40513018757702,"[0.2585924030440995, 0.3649728267537466]",[1.56266892 0.09332433],[0.65365481 0.24981935 0.61642654 0.35741821],202.81026037515403,209.4068951082501
219,137.40376453589212,"[2.1671805484985436, 0.7412247664807162]",[4.87040935e+00 1.00000000e-04],[0.90492871 0.90411292 0.90560813 0.90484463],278.80752907178424,285.40416380488034
220,137.93628941280355,"[0.961460340894066, 0.3062736086933019]",[0.0001 0.0001],[0.74862313 0.74703331 0.74861698 0.7482915 ],279.8725788256071,286.4692135587032
221,137.93628993813402,"[4.955946245010011, 0.7023796495652621]",[0.0001 0.0001],[0.5179571  0.51663717 0.51801686 0.51733796],279.87257987626805,286.46921460936414
222,137.1282225002362,"[3.8969137106920995, 0.1783620633051173]",[0.31212853 0.9999    ],[0.27759638 0.77157147 0.48301205 0.15322251],278.2564450004724,284.8530797335685
223,125.93405729204152,"[0.36042718482589714, 0.2293100624114901]",[4.99990000e+00 2.45628508e-04],[-0.23783729 -0.2418008  -0.24172225 -0.24512767],255.86811458408303,262.4647493171791
224,137.93589171317538,"[4.743614022930652, 0.5409606617235837]",[0.00559507 0.9999    ],[1.13172217 0.12970029 0.94705148 0.37818767],279.87178342635076,286.46841815944686
225,136.45880767865205,"[2.1196884839884165, 0.8311177904849831]",[4.99990000e+00 1.27243657e-04],[0.65015235 0.6489922  0.65076314 0.64877931],276.9176153573041,283.5142500904002
226,97.4272997747131,"[4.198288102531395, 0.6956459045939103]",[1.19344314 0.20604008],[-0.19752097  0.43919087  0.67783837 -0.08989615],198.8545995494262,205.45123428252228
227,106.80475986095739,"[0.12568761493540442, 0.36165541957480923]",[1.78779461 0.03452919],[0.22143336 0.37131778 0.59324731 0.11940885],217.60951972191478,224.20615445501085
228,108.7819637819338,"[3.5054976013505224, 0.48523653912284764]",[1.19431306 0.9999    ],[ 0.22904879  0.3204285   0.35669373 -0.26278718],221.5639275638676,228.16056229696366
229,136.3468534621151,"[0.5662093701398712, 0.43955192080613]",[4.99990000e+00 1.81189595e-04],[0.358304   0.3582703  0.36015523 0.35766578],276.6937069242302,283.2903416573263
230,137.44046076018245,"[3.22590149616646, 0.2538260258762138]",[0.5969085  0.04222007],[0.51949797 0.37954466 0.49941341 0.29954707],278.8809215203649,285.477556253461
231,131.5907319900833,"[4.72329407176635, 0.08670992385274583]",[0.43647676 0.9999    ],[ 1.29468215 -0.07283133 -0.17639532 -0.1023673 ],267.1814639801666,273.7780987132627
232,137.93629232087608,"[4.626469447631668, 0.32027214595085557]",[0.0001 0.0001],[0.6169823  0.61536118 0.6167631  0.61526209],279.87258464175216,286.46921937484825
233,53.143335577402546,"[1.8073503669460316, 0.6998040736959463]",[4.99990000e+00 7.65999367e-04],[-0.10288256 -0.07498491 -0.0783301  -0.10288256],110.28667115480509,116.88330588790116
234,135.8198747583962,"[0.2765424619073697, 0.3498294364739436]",[0.47312792 0.18304563],[0.67660182 0.25868925 0.94632972 0.14526268],275.6397495167924,282.2363842498885
235,121.99523484151821,"[2.51782353765292, 0.6304744295507123]",[1.2455512  0.06848226],[ 0.46955961  0.27283012 -0.13743286  0.25485502],247.99046968303642,254.5871044161325
236,128.1921794312201,"[1.05754149120998, 0.12967291317160887]",[0.66458584 0.32104722],[ 0.44178041 -0.19124082  0.94555374  0.24902062],260.3843588624402,266.9809935955363
237,137.93629166380012,"[2.902768317501794, 0.8713736605509312]",[0.0001 0.0001],[1.15224389 1.15379033 1.154237   1.15309602],279.87258332760024,286.46921806069633
238,116.03502959681076,"[1.6304784179428566, 0.07448553585054996]",[4.99990000e+00 3.45155442e-04],[0.28887687 0.28052055 0.28406405 0.28037794],236.07005919362152,242.66669392671758
239,122.15392973407572,"[1.3389873799569696, 0.2622103315498532]",[4.99990000e+00 2.03129121e-04],[-0.19097592 -0.19594444 -0.1959106  -0.19825268],248.30785946815143,254.9044942012475
240,110.26395869257932,"[3.159345137787105, 0.117610880718503]",[1.46433987 0.12371839],[0.36508419 0.04460028 0.24510707 0.18970056],224.52791738515864,231.1245521182547
241,55.43710929931395,"[0.055398347997799205, 0.2554869774720264]",[2.1390876  0.01177754],[ 0.15899012 -0.62497314 -0.25177513 -0.62239977],114.8742185986279,121.47085333172397
242,114.3193222927696,"[0.2719026767016055, 0.12903647496385603]",[1.25747662 0.26916885],[0.47987791 0.11124184 0.88811623 0.31892052],232.6386445855392,239.23527931863526
243,137.68451610985787,"[4.959062379063751, 0.4219760422506199]",[0.18618576 0.9999    ],[1.12581072 0.29629054 1.0639732  0.73566146],279.36903221971573,285.96566695281183
244,133.34417145503585,"[2.6268880960056924, 0.5063404416096684]",[0.5840162  0.34438448],[0.83700539 0.12490808 0.78822841 0.30490904],270.6883429100717,277.2849776431678
245,136.49094474349135,"[2.383592135989203, 0.11985076822405935]",[4.88778282e+00 1.00000000e-04],[-0.01685396 -0.01745768 -0.01658655 -0.01901384],276.9818894869827,283.5785242200788
246,137.93629309742562,"[3.5677769685920073, 0.4306148962473464]",[0.0001 0.0001],[0.5561042  0.55417474 0.55593931 0.55451266],279.87258619485124,286.46922092794733
247,118.88099135394461,"[1.7251293042362028, 0.4838571086617768]",[0.9532801  0.29558164],[0.67158949 0.06216857 0.90760448 0.01712343],241.76198270788922,248.35861744098528
248,107.7778368052742,"[1.427619402899082, 0.07692924686666086]",[1.54719873 0.0790226 ],[0.50716682 0.35887056 0.68225984 0.17574376],219.5556736105484,226.15230834364448
249,137.57857683110262,"[0.7774592442151804, 0.24573876939500847]",[0.15473666 0.98409406],[ 0.60114819  0.81342991  0.84716125 -0.0033889 ],279.15715366220525,285.75378839530134
250,121.58892396514614,"[4.9974705272597175, 0.7846697976424722]",[0.77467361 0.56958296],[0.30690654 0.36584032 1.4906363  0.57850211],247.17784793029227,253.77448266338834
251,119.53313643483106,"[3.7241201501708328, 0.6692890984368428]",[1.90319564 0.03704595],[0.62945815 0.45292032 0.72163934 0.46077044],243.06627286966213,249.6629076027582
252,133.9181040444104,"[1.6848119296268074, 0.47359978677266057]",[4.99990000e+00 2.19922317e-04],[0.18418293 0.18232329 0.18331888 0.18047876],271.8362080888208,278.4328428219169
253,135.49712520949032,"[4.626650026536554, 0.21712766044042783]",[0.30644832 0.9999    ],[ 0.56731228 -0.0140231   1.17874298  0.63281088],274.99425041898064,281.59088515207674
254,124.65306873953854,"[1.2511773153637902, 0.7375212760220661]",[0.90151177 0.23398625],[0.58509937 0.28323689 0.93574816 0.13896812],253.30613747907708,259.90277221217315
255,132.10918587267452,"[2.669244650986081, 0.270125139629414]",[0.64686366 0.5082835 ],[0.53867189 0.06870186 0.72309801 0.44420195],268.21837174534903,274.8150064784451
256,137.2425493011787,"[0.07752891727376396, 0.9796159043216209]",[0.26189664 0.52952636],[0.39073803 0.58017414 1.05529141 0.33276714],278.4850986023574,285.0817333354535
257,137.93629161488133,"[0.6892289101623152, 0.18952975771672545]",[0.0001 0.0001],[0.9966503  0.99464283 0.99719637 0.99636248],279.87258322976265,286.46921796285875
258,137.9362961667171,"[3.371012395111745, 0.49602706990697565]",[0.0001 0.0001],[1.11668698 1.11330029 1.11651129 1.11645336],279.8725923334342,286.4692270665303
259,123.47544241352313,"[1.1235533409933463, 0.692873302063432]",[0.68731038 0.9999    ],[ 0.4365355  -0.10440361  0.20101954 -0.68617539],250.95088482704625,257.54751956014235
260,98.84659454861826,"[2.383620091320273, 0.569112763484662]",[4.999900e+00 5.653814e-04],[0.10488012 0.09049764 0.09718427 0.08923845],201.6931890972365,208.28982383033258
261,131.1305205308099,"[4.272009101037664, 0.5327501462648228]",[4.99990000e+00 2.38820405e-04],[0.22796291 0.22481377 0.22688306 0.22351177],266.2610410616198,272.8576757947159
262,136.22498517343035,"[2.4451461183637964, 0.58771896477728]",[0.70892683 0.04694838],[0.68270591 0.34236005 0.65634582 0.53717556],276.4499703468607,283.0466050799568
263,78.00889918872673,"[0.7699136009844232, 0.4302582739619047]",[1.00034927 0.9999    ],[ 0.58623629 -0.75317322  0.21818948 -0.02989873],160.01779837745346,166.61443311054953
264,133.99144199805284,"[4.405433471385503, 0.9723675418851092]",[1.91419775 0.01256077],[0.70385294 0.59603527 0.71228747 0.63317959],271.98288399610567,278.57951872920177
265,137.9315663046543,"[4.277291730814915, 0.4011404290821774]",[2.60670529e+00 1.00000000e-04],[0.49175572 0.49032157 0.49171307 0.49073916],279.8631326093086,286.4597673424047
266,134.8277240762767,"[4.440842391899381, 0.2615028684199708]",[0.50537034 0.358051  ],[ 0.56417411  0.53541559  0.72492451 -0.09101421],273.6554481525534,280.2520828856495
267,133.13600575963773,"[0.5324650743401631, 0.7349636617320735]",[0.88163146 0.07985609],[0.72598685 0.41426051 0.92444548 0.3999155 ],270.27201151927545,276.86864625237155
268,126.85221052109064,"[3.2006841371667756, 0.43519450942786886]",[0.95562671 0.139163  ],[0.69008165 0.27669691 0.81676788 0.23186954],257.70442104218125,264.30105577527735
269,137.93628962539793,"[3.2894521683184363, 0.8602718868711233]",[0.0001 0.0001],[0.21564794 0.21453094 0.21491081 0.21390556],279.87257925079587,286.46921398389196
270,134.5134611047934,"[2.558489217129622, 0.2878352802470742]",[0.7193042  0.05780784],[0.79593212 0.39304306 0.92404125 0.46769236],273.0269222095868,279.6235569426829
271,114.83033497800211,"[1.8838845686475647, 0.31720848173456584]",[1.49241514 0.04317837],[0.59686234 0.3288577  0.58980345 0.25015986],233.66066995600423,240.2573046891003
272,137.93628948182794,"[0.833420445026189, 0.9663221202271295]",[0.0001 0.0001],[0.20330026 0.20177543 0.20238845 0.20167034],279.8725789636559,286.469213696752
273,137.6057745498772,"[0.38710113818584235, 0.9120446497937763]",[0.1556569 0.9999   ],[0.6500326  0.94780981 0.4832279  0.37212874],279.2115490997544,285.8081838328505
274,96.49354210938927,"[0.09780943805902885, 0.041213218365864]",[1.11538635 0.83735319],[ 0.55681518  0.25971705  0.95997936 -0.24070986],196.98708421877853,203.5837189518746
275,134.03500721876162,"[0.8041340898393536, 0.7486137739238072]",[0.66984454 0.11013343],[0.67736591 0.15613259 0.69252333 0.18479679],272.07001443752324,278.66664917061934
276,124.74401627185793,"[4.760013927212837, 0.7680876336252837]",[4.99990000e+00 2.93498155e-04],[0.34752669 0.34169634 0.34405523 0.34176171],253.48803254371586,260.08466727681196
277,137.09749147605675,"[1.3117151201735706, 0.22877317048031495]",[0.2682845  0.63801321],[0.82122684 0.75495749 0.79247697 0.32860564],278.1949829521135,284.7916176852096
278,121.36637931176975,"[0.5388643658570093, 0.28254345421143845]",[0.92364645 0.64124242],[0.07385995 0.32451047 0.86692817 0.65640069],246.7327586235395,253.32939335663556
279,118.99449261318527,"[4.336801136980155, 0.8518819846757394]",[1.09765395 0.12396893],[0.55473551 0.25231293 0.53664871 0.05987247],241.98898522637054,248.5856199594666
280,137.03905859718253,"[1.8155131553583268, 0.4559417531827874]",[0.30109927 0.70118718],[ 0.4227075  -0.10080208  0.71888972  0.14868815],278.07811719436506,284.67475192746116
281,133.06132739217225,"[1.5780980364710422, 0.8383610633935049]",[0.36986823 0.9999    ],[ 1.65287035 -0.13177708  0.40468921 -0.11521403],270.1226547843445,276.7192895174406
282,100.73429842906143,"[1.890865221996874, 0.9549067039310024]",[1.07911947 0.16164131],[0.54919388 0.06936401 0.8993601  0.00364571],205.46859685812285,212.06523159121892
283,133.31610224340787,"[1.2767429235981893, 0.5831893433013953]",[0.52887765 0.9999    ],[0.36496181 0.53331533 0.37186375 0.34213691],270.63220448681574,277.22883921991183
284,137.93629167418288,"[1.4220419945525422, 0.5914641496931311]",[0.0001 0.0001],[0.62483116 0.62291542 0.62462894 0.62348875],279.87258334836577,286.46921808146186
285,133.01612877677073,"[2.9186000040992663, 0.6689971159158628]",[1.03211939 0.05810887],[0.51730886 0.41198488 0.86136785 0.55666456],270.03225755354146,276.62889228663755
286,103.54662179203787,"[0.9294071046597676, 0.16487601898333068]",[1.87299342 0.27664651],[0.33646062 0.36681431 0.44006329 0.25321315],211.09324358407574,217.6898783171718
287,137.9362895391048,"[1.0602635572115908, 0.41054477606254064]",[0.0001 0.0001],[0.70483254 0.70345096 0.70480559 0.70415754],279.8725790782096,286.4692138113057
288,136.00894573241933,"[0.41673844996208814, 0.5092971547085586]",[0.32036038 0.9999    ],[1.44584914 0.4535447  0.34808451 0.96461083],276.01789146483867,282.61452619793477
289,67.39455467686956,"[2.8713368267074078, 0.6792946220383237]",[3.97441556e+00 2.06859179e-03],[ 0.00362745 -0.07435901 -0.04486595 -0.08559548],138.78910935373912,145.3857440868352
290,137.936289154845,"[2.5523775742396766, 0.37105450653357575]",[0.0001 0.0001],[-0.15150727 -0.15220023 -0.1535334  -0.15298925],279.87257830969,286.4692130427861
291,88.97238774196472,"[0.8580679588781617, 0.28599884635213246]",[1.50866912 0.76725346],[0.8701196  0.33668979 0.73090226 0.16401052],181.94477548392945,188.54141021702551
292,122.07027571678276,"[0.5344372717786726, 0.6869449311770258]",[1.52075172 0.03780721],[0.51927463 0.34592883 0.13119477 0.17171796],248.14055143356552,254.7371861666616
293,136.5385700370376,"[3.4598443306566504, 0.5457860860180598]",[4.61671084e+00 1.00000000e-04],[-0.55425343 -0.55345077 -0.55655035 -0.5554092 ],277.0771400740752,283.6737748071713
294,136.87260149922932,"[4.777429044454766, 0.6465457633856813]",[0.41779829 0.2510193 ],[0.60847643 0.253164   0.59502555 0.12160815],277.74520299845864,284.34183773155473
295,119.68523783133249,"[4.570678850777658, 0.2768960114819972]",[0.81982752 0.66124203],[ 0.8621862   0.44312489  0.71400999 -0.10904822],243.37047566266497,249.96711039576104
296,125.33869329062055,"[2.5305427668773226, 0.5544684296747574]",[1.06949794 0.13311139],[0.70243967 0.38102502 0.75742402 0.11354944],254.6773865812411,261.2740213143372
297,120.38233762603748,"[0.12667129552709286, 0.09710214929701591]",[4.9999000e+00 3.9284705e-04],[0.22990676 0.22321925 0.22530754 0.2228673 ],244.76467525207497,251.36130998517103
298,137.6932135178179,"[3.9868981887206574, 0.144727436951842]",[0.42388267 0.02007042],[ 0.32721848  0.11707652  0.24095043 -0.00323763],279.3864270356358,285.9830617687319
299,135.9869925006728,"[4.328109671610916, 0.16978301047542987]",[0.30620538 0.9999    ],[ 0.77665041  0.42368113  0.67368034 -0.26111975],275.9739850013456,282.5706197344417
300,137.92190601952368,"[0.13723269185878997, 0.7838253374700781]",[0.03259748 0.91641239],[ 0.83242416 -0.00893178  0.88637961 -0.00267406],279.84381203904735,286.44044677214345
301,130.09792993320153,"[2.6624318110030116, 0.7983895306482679]",[0.86905604 0.27471078],[0.47553302 0.31404512 0.73861938 0.32791926],264.19585986640305,270.79249459949915
302,107.3554735467541,"[2.184077066043177, 0.39199814205064415]",[4.99990000e+00 5.97497872e-04],[0.12904132 0.13551368 0.13805209 0.12683797],218.7109470935082,225.30758182660426
303,119.54259260679657,"[1.6050139270989383, 0.6773053607424795]",[0.94718239 0.69934078],[ 0.76146214 -0.35134062  0.46827921  0.16048695],243.08518521359315,249.68181994668922
304,68.23706153986367,"[2.98630840569022, 0.32254166330899536]",[1.79167953 0.62203862],[1.02310696 0.63242977 0.53408682 0.21442521],140.47412307972735,147.07075781282342
305,137.21589307523757,"[0.0258473717654411, 0.4301047502753428]",[0.36602655 0.18591897],[0.83701175 0.33885068 0.84902516 0.25124639],278.43178615047515,285.02842088357124
306,133.18646990904372,"[4.188882088223263, 0.8902583435141812]",[0.90159024 0.19189358],[0.74369807 0.42945438 0.79270288 0.52486549],270.37293981808745,276.96957455118354
307,113.71731713242598,"[0.5606170264804258, 0.19583187525137663]",[4.9999000e+00 3.0803397e-04],[-0.08248461 -0.09168239 -0.09023155 -0.09243108],231.43463426485195,238.03126899794802
308,136.01471144907097,"[2.028869563191987, 0.4337261233052113]",[0.53172184 0.23258456],[0.29057646 0.44253419 0.68152759 0.03192929],276.02942289814195,282.62605763123804
309,129.72919658054266,"[0.17688382920366535, 0.48511428868194334]",[0.76821968 0.43112432],[ 0.47324771  0.47868057  0.94377545 -0.01371506],263.4583931610853,270.0550278941814
310,109.65107223804212,"[2.9365920601089845, 0.011315952046468548]",[3.30921061 0.00370103],[0.43427486 0.37043257 0.39095739 0.37734263],223.30214447608424,229.8987792091803
311,131.60110968787566,"[3.4484144100972802, 0.545549828071104]",[0.97951884 0.15055311],[0.55351554 0.3147762  0.68451564 0.29596911],267.2022193757513,273.7988541088474
312,135.14434443084812,"[1.083712335703573, 0.4858363909548432]",[0.69373049 0.55794175],[0.42777638 0.51642849 0.4029097  0.31001199],274.28868886169624,280.88532359479234
313,137.88535002436885,"[3.608403743440693, 0.8293538338204313]",[0.05297624 0.9999    ],[0.28800783 0.03755793 0.98082029 0.85147095],279.7707000487377,286.3673347818338
314,135.70480551084214,"[0.5012421039564942, 0.6043079262882223]",[0.29534809 0.9999    ],[ 0.81722861  0.24291389  1.33193841 -0.27064469],275.40961102168427,282.00624575478037
315,137.3099110684083,"[0.5075944697832258, 0.3314665152973837]",[0.1960796 0.9999   ],[0.98617964 0.59718154 1.36758573 1.12028146],278.6198221368166,285.2164568699127
316,137.93629084153977,"[4.572947923788939, 0.42731228054206166]",[0.0001 0.0001],[1.08848246 1.08744495 1.0899611  1.08859798],279.87258168307955,286.46921641617564
317,97.08622275581752,"[4.002860203508375, 0.4138800793780125]",[1.41432693 0.18289051],[0.75700137 0.44501402 0.75699477 0.18421746],198.17244551163503,204.7690802447311
318,137.59974043941625,"[0.06197756036878258, 0.12752230683546173]",[0.31840558 0.1497634 ],[0.66458219 0.49517137 0.72765363 0.35178924],279.1994808788325,285.7961156119286
319,137.70871846066916,"[4.619647480303206, 0.6707144647961977]",[0.13621768 0.91558107],[0.47423889 0.13276828 0.51593274 0.80784652],279.4174369213383,286.0140716544344
320,85.85159123555125,"[1.3503058457417394, 0.5515171378310245]",[1.94757628 0.33131601],[0.49356047 0.42771076 0.72286531 0.31319464],175.7031824711025,182.29981720419858
321,137.81435081994712,"[0.004139285418851553, 0.6821193523140924]",[0.11169503 0.94336445],[0.74273882 0.47367019 0.62741204 0.10855748],279.62870163989425,286.22533637299034
322,137.84082470183503,"[1.1811396674708372, 0.05167288494283537]",[3.87159338e+00 1.00000000e-04],[0.32876538 0.32716822 0.3280035  0.32699137],279.68164940367006,286.27828413676616
323,125.8399264222186,"[2.6299084689389027, 0.9949531703342696]",[2.02653832 0.01413943],[0.62710619 0.45583518 0.61605578 0.5255264 ],255.6798528444372,262.27648757753326
324,123.27517332525022,"[0.6087993597157414, 0.1244612472746744]",[4.99990000e+00 3.12862856e-04],[0.41353724 0.40737536 0.40935203 0.40700626],250.55034665050044,257.14698138359654
325,111.5350028731028,"[0.8612060747647728, 0.3933153492761217]",[3.13752086e+00 2.31292716e-03],[-0.25160188 -0.32514503 -0.30457514 -0.33875443],227.0700057462056,233.66664047930166
326,20.638800966333186,"[1.9179859878544947, 0.6385775625265031]",[2.17576827 0.9512546 ],[ 1.13970552  0.13660207  0.82802553 -0.19503115],45.27760193266637,51.874236665762446
327,129.4906599883039,"[2.2329531415036943, 0.8986512534987271]",[0.70216083 0.88336078],[0.83050068 0.45969389 0.58853696 0.7171921 ],262.9813199766078,269.5779547097039
328,130.98249329145827,"[0.8687557193656761, 0.2540753427159673]",[1.09939509 0.03371256],[0.60880505 0.23744682 0.36025989 0.09208702],265.96498658291654,272.56162131601263
329,130.56760694630657,"[2.92268422627176, 0.649409176574733]",[0.51159758 0.9999    ],[ 0.49040916 -0.06236231  0.43665168  0.16335625],265.13521389261314,271.73184862570923
330,137.89973516175297,"[4.521266159653827, 0.03595833354882151]",[0.30844561 0.02440295],[0.51833902 0.42512181 0.51824863 0.33078594],279.79947032350594,286.39610505660204
331,129.2723189704549,"[0.13244308143981337, 0.5568841276392994]",[0.78268689 0.2000865 ],[0.71446882 0.341181   0.89027065 0.07030101],262.5446379409098,269.1412726740059
332,101.72642588404584,"[1.8415395558684253, 0.3616509853123621]",[1.60618963 0.05448068],[0.59781676 0.4436755  0.76780012 0.21512639],207.45285176809168,214.04948650118774
333,137.93546936169682,"[0.12727692381406833, 0.37893629399694034]",[0.0116338  0.47607583],[ 0.37729964 -0.18158564  0.66947376  0.30883639],279.87093872339364,286.46757345648973
334,124.68847807516893,"[4.639132139833399, 0.41599835486907083]",[0.63183533 0.78768668],[ 0.9965158   0.0200084   0.05088485 -0.71765367],253.37695615033786,259.9735908834339
335,137.33149212156158,"[4.7322355802132865, 0.9003939189591127]",[0.20568604 0.9999    ],[0.98911392 0.69934987 0.51535021 0.04190033],278.66298424312316,285.25961897621926
336,116.77488740873584,"[3.691773886145693, 0.6381802568195163]",[0.9958155  0.53297276],[0.96863021 0.47713858 0.89832655 0.06471611],237.54977481747167,244.14640955056774
337,121.08150111999005,"[0.27713523722581956, 0.3408275853766819]",[4.99990000e+00 2.68921296e-04],[0.30300793 0.29636748 0.29844108 0.29738622],246.1630022399801,252.75963697307617
338,109.90497713342766,"[4.807610319074097, 0.9391224899469723]",[4.99990000e+00 6.28324681e-04],[0.27418934 0.26460927 0.27042376 0.26240928],223.80995426685533,230.4065889999514
339,131.33816722158804,"[2.9509321160743784, 0.36503296621342424]",[0.6002314  0.70571143],[ 0.81850622  0.17003581  0.927652   -0.01517733],266.6763344431761,273.27296917627217
340,118.87815742839075,"[3.1564654397256007, 0.7415627174263987]",[1.21496093 0.0822133 ],[0.71923226 0.37823083 0.71796077 0.18884917],241.7563148567815,248.35294958987757
341,137.10224376884395,"[0.20297989001891034, 0.4042780654304605]",[0.24140439 0.86246714],[0.90639507 0.27810895 0.50680171 0.04874415],278.2044875376879,284.801122270784
342,125.37606302511129,"[2.1294931951568463, 0.2262891027636735]",[1.52555919 0.03578384],[0.60913835 0.32176532 0.67120052 0.44817446],254.75212605022259,261.34876078331865
343,113.66379334348052,"[4.736568378872639, 0.42122099234025556]",[1.11941215 0.76116876],[0.54259458 0.62410871 0.44267846 0.30771536],231.32758668696104,237.9242214200571
344,120.7947914037188,"[4.500268329825737, 0.5038508401171301]",[1.6541428 0.0977988],[0.46910656 0.52173623 0.50250889 0.32805702],245.5895828074376,252.18621754053368
345,121.53125051851916,"[4.068115423831443, 0.0015599070981089037]",[4.99990000e+00 8.40940417e-04],[0.71191741 0.71172186 0.71804475 0.71639086],247.06250103703832,253.65913577013438
346,96.84005620021567,"[3.994925056097842, 0.6119684486711459]",[4.99990000e+00 2.69869832e-03],[0.36705413 0.37445702 0.36705413 0.36486076],197.68011240043134,204.2767471335274
347,114.41365525676204,"[1.8503568444365122, 0.5687141708075427]",[1.64899817 0.06973827],[0.58403052 0.2854717  0.63011485 0.46248161],232.82731051352408,239.42394524662015
348,97.86158316035532,"[0.59352886684159, 0.9119566247832056]",[1.7301545  0.02172977],[0.53085134 0.16798179 0.55713927 0.17450362],199.72316632071065,206.3198010538067
349,136.28431352481354,"[4.885416722982755, 0.5934514795381003]",[0.43525001 0.18592497],[0.73477054 0.49285289 0.53283459 0.08012289],276.5686270496271,283.1652617827232
350,94.21604111550315,"[3.4521767230756466, 0.7257197049875693]",[1.907771   0.16705528],[0.53668853 0.40139455 0.78276904 0.32060581],192.4320822310063,199.02871696410236
351,98.64362037388412,"[1.2246729516952028, 0.10974610960375773]",[1.59573925 0.10754903],[0.68819273 0.22334509 0.87015892 0.46864209],201.28724074776824,207.8838754808643
352,137.57121096892755,"[3.454355544143, 0.6330719988000213]",[0.15828277 0.9999    ],[0.40134859 0.6326988  0.38402203 0.48131824],279.1424219378551,285.7390566709512
353,122.0813663651842,"[1.3648357330429528, 0.2686961250166712]",[4.99990000e+00 2.74087834e-04],[-0.04302513 -0.04760545 -0.04666179 -0.05074945],248.1627327303684,254.75936746346446
354,57.52252950846168,"[4.875451309293747, 0.758393623692336]",[4.99990000e+00 1.00279337e-03],[-0.2160128  -0.19141628 -0.19485262 -0.23037567],119.04505901692336,125.64169375001943
355,131.455702667302,"[4.135878571247821, 0.12612799977695235]",[1.16173387 0.07974971],[0.66363032 0.50494514 0.75304872 0.49333569],266.911405334604,273.5080400677001
356,137.93628982501343,"[3.832053990034581, 0.42230783668921207]",[0.0001 0.0001],[0.21423154 0.21415135 0.2142504  0.21325144],279.87257965002686,286.46921438312296
357,101.23392949858739,"[0.4484306671126456, 0.16215318127074038]",[1.41962304 0.20892512],[0.73954993 0.26623732 0.41936475 0.04690588],206.46785899717477,213.06449373027084
358,136.0368167548068,"[3.3109665151094423, 0.6432538031781486]",[0.69267308 0.05244554],[0.64675709 0.3608652  0.77696773 0.54556189],276.0736335096136,282.6702682427097
359,129.27490593749468,"[0.20867528439752037, 0.7835585638267742]",[0.56487211 0.87011754],[1.00092649 1.38289498 0.77354389 0.19908789],262.54981187498936,269.14644660808545
360,103.46595620979427,"[2.665615843539922, 0.6439240159708833]",[1.21898871 0.24144338],[0.50618171 0.37138034 0.89559243 0.09686341],210.93191241958854,217.5285471526846
361,106.44704066009963,"[1.1446852417219533, 0.7116729359863674]",[1.56171363 0.14413961],[0.62826598 0.44232505 0.73923462 0.1985317 ],216.89408132019926,223.49071605329533
362,137.93629004116391,"[0.36218854662628, 0.3691059331014388]",[0.0001 0.0001],[0.91343724 0.91224411 0.91419893 0.91302241],279.87258008232783,286.4692148154239
363,132.95323541858215,"[4.975189747772825, 0.3763450154139275]",[0.76845391 0.18992253],[0.8426971  0.34366256 0.66423103 0.16614181],269.9064708371643,276.5031055702604
364,129.05437306362657,"[0.22371470872331403, 0.8864148451803995]",[0.81818821 0.23882437],[0.81073599 0.19677718 0.70768057 0.10095561],262.10874612725314,268.70538086034924
365,15.249237979868187,"[4.890490329205112, 0.6440043712381363]",[4.9999     0.16004512],[0.73281137 0.28528714 0.89752659 0.28528714],34.498475959736375,41.09511069283245
366,127.04572928701934,"[2.520620905378436, 0.6496191156810834]",[1.19163982 0.06439971],[0.34648196 0.33698735 0.64975464 0.10181747],258.0914585740387,264.68809330713475
367,66.55157581186889,"[0.9330864052312555, 0.7240655311160592]",[1.28064875 0.9999    ],[ 0.63699696 -0.43585442  0.60763562 -0.19713154],137.10315162373777,143.69978635683384
368,100.3319862023051,"[2.5634166358013157, 0.22750365419322346]",[1.01354508 0.82583107],[ 0.44490368 -0.34787941 -0.02398922 -0.68171631],204.6639724046102,211.26060713770627
369,135.9569970213078,"[0.6188891507453569, 0.23615659779851705]",[4.99990000e+00 1.86680352e-04],[0.57206672 0.56986913 0.57099629 0.56988947],275.9139940426156,282.5106287757117
370,100.34812847156698,"[4.0521893630012515, 0.5245384780679879]",[1.00003627 0.9999    ],[ 0.64845956 -0.02075784  0.40051232 -0.36485126],204.69625694313396,211.29289167623003
371,108.30614343440722,"[0.999987751355295, 0.0031146826762330484]",[4.99990000e+00 2.78547271e-04],[-0.14301848 -0.15301997 -0.15227113 -0.15406357],220.61228686881444,227.2089216019105
372,137.69833938272112,"[4.57280157677105, 0.29203608626488736]",[4.5090821e+00 1.0000000e-04],[0.24724558 0.24615103 0.24624576 0.2457558 ],279.39667876544223,285.9933134985383
373,113.4027014355778,"[2.4658055201602247, 0.38386568322203934]",[4.99990000e+00 3.97973347e-04],[-0.01862177 -0.02373433 -0.02022499 -0.02891275],230.8054028711556,237.40203760425166
374,129.29798406961706,"[3.2193425685845516, 0.43185560641809156]",[0.68164538 0.98836322],[ 0.52316237  0.17751477  0.55599221 -0.13046152],262.5959681392341,269.1926028723302
375,135.11486570009723,"[2.607611591855015, 0.5728724008143008]",[0.82102779 0.05267731],[0.74240327 0.27855533 0.70394603 0.44636757],274.22973140019445,280.82636613329055
376,120.37340005873655,"[2.7538607868097458, 0.6721099375927899]",[0.8879028 0.9999   ],[ 0.54855381 -0.07246395  0.73195949  0.51686198],244.7468001174731,251.34343485056917
377,137.71734124880095,"[0.3449467848343357, 0.2140830662011332]",[0.22300739 0.23515104],[ 0.48078114  0.26860742  0.63035553 -0.09944329],279.4346824976019,286.031317230698
378,135.17225525515565,"[1.8182398396129007, 0.43817202310524184]",[0.65564875 0.15095919],[0.61193429 0.29845686 0.8527237  0.29809268],274.3445105103113,280.9411452434074
379,133.98399612435904,"[3.099707799169895, 0.43040501794113545]",[1.21839281 0.03090878],[0.45183356 0.19826341 0.39809395 0.13569891],271.9679922487181,278.5646269818142
380,137.83656725250302,"[0.43856674451860883, 0.803721594230526]",[0.09335544 0.9999    ],[0.55098449 0.59338944 0.69979055 0.1109136 ],279.67313450500603,286.2697692381021
381,125.96565511469541,"[4.133112681996311, 0.6039871676028886]",[0.76640517 0.9999    ],[0.7884247  0.34090017 0.76259094 0.17976819],255.93131022939082,262.5279449624869
382,105.85426573007585,"[3.7100178057096733, 0.9627649230886967]",[2.18890353 0.04282439],[0.49932138 0.4223928  0.6106669  0.4378717 ],215.7085314601517,222.30516619324777
383,105.80781786770515,"[0.7465850051049705, 0.8455711155874739]",[1.40584902 0.36500721],[0.66808617 0.3516223  0.91596907 0.22518856],215.6156357354103,222.21227046850638
384,122.77905625023904,"[1.4651414722496279, 0.9070351451433087]",[1.21706169 0.12743044],[0.75181221 0.32487424 0.8322922  0.31906293],249.55811250047807,256.15474723357414
385,137.86968214548045,"[0.802281008447119, 0.4256848843869237]",[0.22061779 0.04182839],[0.5417503  0.23971932 0.38361575 0.16722989],279.7393642909609,286.335999024057
386,130.30500671174778,"[0.7536688942657177, 0.228390481038926]",[0.54672182 0.81068979],[0.43349535 0.03034612 1.00526191 0.45304814],264.61001342349556,271.20664815659165
387,122.56622867997395,"[0.2355746058067692, 0.7063736811011062]",[1.11645254 0.26596011],[1.07264424 0.39169145 0.75775656 0.46587052],249.1324573599479,255.72909209304396
388,137.93628967790494,"[4.357394311343678, 0.7407877959656459]",[0.0001 0.0001],[-0.38380149 -0.38484871 -0.38597755 -0.38663171],279.8725793558099,286.46921408890597
389,112.04320699455872,"[3.305100690192333, 0.6147994746920239]",[0.73548681 0.9999    ],[ 1.80807887 -0.11154722  0.73115352 -0.3638331 ],228.08641398911743,234.6830487222135
390,137.936289136325,"[0.2718899136565637, 0.09809475644456526]",[0.0001 0.0001],[1.01187597 1.01013908 1.01241928 1.01138593],279.87257827265,286.4692130057461
391,134.1538710115818,"[2.386169772873059, 0.8927717525827976]",[0.3348827 0.9999   ],[-0.20848204  0.94310283  0.70669335 -0.59487243],272.3077420231636,278.9043767562597
392,137.93628980885637,"[0.5112947433105411, 0.5860964017641639]",[0.0001 0.0001],[1.34443334 1.34219389 1.34617349 1.34417984],279.87257961771274,286.46921435080884
393,137.70122783045957,"[4.5088867566182405, 0.932776900744907]",[0.12023813 0.9999    ],[0.94405055 0.22963949 1.20935626 0.98556508],279.40245566091914,285.99909039401524
394,27.43761562425707,"[2.1610656605290814, 0.541307963870193]",[2.47451193 0.02930625],[ 0.48513112 -0.62253635  0.33045719 -0.62253033],58.87523124851414,65.47186598161021
395,65.71934756676772,"[2.76752072372294, 0.026924498783516132]",[4.99990000e+00 1.04215087e-03],[0.43804462 0.41541273 0.42144129 0.41174226],135.43869513353545,142.0353298666315
396,127.92039869695282,"[0.7576616675463782, 0.35711138882539856]",[0.55154865 0.9999    ],[ 0.96279603 -0.31949695  1.22885551  0.45290864],259.84079739390563,266.4374321270017
397,103.20247627018777,"[3.174201967430547, 0.6781898422959322]",[1.07396043 0.87304517],[0.61389801 0.28097944 0.62202028 0.80458095],210.40495254037555,217.0015872734716
398,123.02175199746785,"[0.9122551147916743, 0.13989748216139328]",[4.9999000e+00 5.0900866e-04],[0.59149599 0.58587038 0.59175476 0.58685071],250.0435039949357,256.6401387280318
399,137.9362895490703,"[0.9763890609752132, 0.6095453251027556]",[0.0001 0.0001],[0.33407229 0.33312359 0.33424092 0.33323769],279.8725790981406,286.4692138312367
400,113.05725883229732,"[0.7162872699103705, 0.1336606436128404]",[4.9999000e+00 4.2253307e-04],[-0.27113388 -0.2688366  -0.27549972 -0.27831648],230.11451766459464,236.7111523976907
401,137.93628914004964,"[3.6332883529716775, 0.30043768152417355]",[0.0001 0.0001],[0.53576064 0.53560524 0.53611452 0.53523688],279.8725782800993,286.4692130131954
402,93.72661324451134,"[4.381805894567589, 0.9177529251708644]",[4.99990000e+00 1.01632219e-03],[0.57230835 0.56526422 0.57910532 0.56828127],191.45322648902268,198.04986122211875
403,136.58571113020878,"[3.847628496007219, 0.4865024811100147]",[4.75209912e+00 1.00000000e-04],[0.94232074 0.94064426 0.94295906 0.94124862],277.17142226041756,283.76805699351365
404,132.05901645910234,"[2.2483439020820954, 0.3488760041803199]",[1.14767788 0.04605328],[0.65824352 0.45979791 0.86680991 0.56794343],268.1180329182047,274.7146676513008
405,121.02431200972707,"[2.0419920571984034, 0.1565481461245913]",[1.72741637 0.09009694],[0.42602588 0.28121131 0.62986676 0.40291308],246.04862401945414,252.6452587525502
406,134.08285744361706,"[0.6545587493255223, 0.6136423286308326]",[0.40375934 0.9999    ],[0.77301784 0.5655267  1.630963   0.08586716],272.1657148872341,278.7623496203302
407,24.21044643771583,"[2.6920050331660805, 0.22075389569134057]",[3.52523217 0.05918649],[0.63763302 0.42019448 0.77305487 0.54072456],52.42089287543166,59.017527608527736
408,136.90586282198066,"[0.44245155550585535, 0.5059373791886448]",[0.2464029  0.81098883],[ 0.68180773 -0.27638224  0.70039058 -0.26406985],277.8117256439613,284.4083603770574
409,132.50227196312733,"[4.930437295841208, 0.3350485842516761]",[0.61079133 0.55803744],[0.79170012 0.4670312  0.7773779  0.06420751],269.00454392625466,275.60117865935075
410,136.17917288807698,"[4.931734821043434, 0.06425218267505037]",[0.3295683 0.9999   ],[0.68459852 0.5802233  1.07080464 0.39834301],276.35834577615395,282.95498050925005
411,109.2101121653117,"[1.5896908813272947, 0.8918829571740834]",[1.35081056 0.19017855],[0.52984215 0.2472362  0.69775447 0.29718257],222.4202243306234,229.01685906371947
412,127.98756522796695,"[0.10020890671269463, 0.06691715174259577]",[4.99990000e+00 1.84641194e-04],[0.2187696  0.21396271 0.21479749 0.21423712],259.97513045593394,266.57176518903
413,137.9362912659577,"[3.725251016113481, 0.5398511746267782]",[0.0001 0.0001],[1.32711298 1.32504238 1.32819254 1.32709688],279.8725825319154,286.4692172650115
414,137.93629139815823,"[2.7269197736593296, 0.3794033094160918]",[0.0001 0.0001],[0.79174946 0.78971427 0.79243541 0.79102407],279.87258279631646,286.46921752941256
415,135.99463736704223,"[4.66597669979522, 0.25030775918150355]",[0.311523 0.9999  ],[ 0.88568125 -0.12161698  0.71378705 -0.05494338],275.98927473408446,282.58590946718056
416,132.9516641473448,"[1.0823963755363941, 0.07400623908476209]",[4.99990000e+00 2.06501753e-04],[0.95614421 0.95290563 0.9564834  0.95671124],269.9033282946896,276.49996302778567
417,118.65061409579545,"[2.160262441976789, 0.2865675253898881]",[0.83908813 0.0747394 ],[ 0.65650992  0.19664496  0.44094918 -0.12169024],241.3012281915909,247.89786292468696
418,137.933178771763,"[0.004230844758366306, 0.1954539035579877]",[0.02412889 0.19872254],[0.61038972 0.48267901 0.57270577 0.21354317],279.866357543526,286.4629922766221
419,56.83046240458485,"[1.4163846786726837, 0.7625957449873046]",[1.61766684 0.79564142],[ 0.98180656  0.08476496  0.79134249 -0.1639875 ],117.6609248091697,124.25755954226577
420,104.0482019152728,"[1.1841695250889688, 0.24864861573177446]",[4.99990000e+00 3.72084431e-04],[0.19678894 0.18480398 0.18645531 0.1848013 ],212.0964038305456,218.69303856364166
421,135.58367460456142,"[0.5990482331843098, 0.24684578492452292]",[4.99990000e+00 1.20807519e-04],[0.07986954 0.07926508 0.07842143 0.0770923 ],275.16734920912285,281.76398394221894
422,137.50253078860302,"[0.04101250560285099, 0.291116343083392]",[0.16038398 0.9999    ],[1.04501728 0.67121195 1.33346015 0.24834919],279.00506157720605,285.60169631030215
423,131.53496924894426,"[3.684282415082692, 0.11216697650796181]",[0.86329739 0.13220503],[0.53434377 0.26471463 0.97362653 0.43432573],267.06993849788853,273.6665732309846
424,136.98543404233408,"[1.1650427324874246, 0.3265802758227447]",[0.14413933 0.9999    ],[ 0.27200125 -0.9009246   1.68484901 -0.07329362],277.97086808466815,284.56750281776425
425,127.6595420513463,"[1.4957571921213029, 0.42280520672675315]",[4.99990000e+00 4.14412761e-04],[0.54278845 0.53778654 0.54198864 0.5375947 ],259.3190841026926,265.9157188357887
426,73.94977441526586,"[4.39252025919099, 0.6662219010101289]",[1.51329883 0.52284787],[ 0.49733515  0.23254737  0.73086207 -0.04033808],151.89954883053173,158.4961835636278
427,137.38709714343776,"[4.42019692009032, 0.8894152460704472]",[0.42997668 0.09004294],[0.5874862  0.15148935 0.59845794 0.21694329],278.7741942868755,285.3708290199716
428,122.41460703295743,"[2.2509204527498774, 0.21301966257277144]",[1.69501013 0.04555563],[0.73534408 0.48537125 0.83280422 0.75923315],248.82921406591487,255.42584879901094
429,117.98601081359693,"[2.0280428068471257, 0.6381260343243048]",[4.99990000e+00 6.55668867e-04],[0.38610776 0.3785084  0.38259752 0.37919622],239.97202162719387,246.56865636028994
430,128.19525739521566,"[2.940720962012484, 0.09521386624855314]",[1.33781759 0.09482966],[0.59657834 0.4675257  0.86190262 0.5554308 ],260.3905147904313,266.9871495235274
431,135.51312073402647,"[0.4742652214551621, 0.15628493563055548]",[0.611406   0.06192657],[0.7221909  0.27627513 0.6400339  0.13958551],275.02624146805294,281.62287620114904
432,110.7615703660253,"[1.752902267917344, 0.6275268994904927]",[1.25292381 0.37303011],[0.76197171 0.22946858 0.51445536 0.04912268],225.5231407320506,232.11977546514666
433,134.3474760001013,"[1.077466510720184, 0.6862345431866063]",[0.80736923 0.05827655],[0.5801668  0.24734925 0.30551511 0.2523602 ],272.6949520002026,279.2915867332987
434,62.37386241945421,"[4.595734534604423, 0.4302748820265129]",[4.99990000e+00 1.82861654e-03],[0.65607879 0.63721392 0.66513728 0.64790869],128.74772483890843,135.3443595720045
435,132.96665780860798,"[2.9453209098639754, 0.5832529600942786]",[0.8878739  0.10623747],[0.68317497 0.25136367 0.72862255 0.32786311],269.93331561721595,276.52995035031205
436,129.26718969214664,"[3.91876601878812, 0.7457153117261381]",[1.11359096 0.05724932],[0.64986493 0.32152523 0.52799207 0.22570558],262.5343793842933,269.1310141173894
437,127.7391789902099,"[0.8793468149440474, 0.5750623914167061]",[0.84362563 0.62200856],[0.60652818 0.17345266 0.14073826 0.00630562],259.4783579804198,266.0749927135159
438,125.4468859711484,"[2.8057059127848847, 0.28125232510596737]",[4.99990000e+00 3.15958814e-04],[0.34496025 0.3401971  0.34203434 0.33756502],254.8937719422968,261.4904066753929
439,127.4360435121067,"[2.595533383989386, 0.17087481404936777]",[0.85232083 0.9999    ],[-0.20786626  0.42645258  0.42645258  0.14999331],258.87208702421344,265.4687217573095
440,134.4528501293569,"[0.14404820333469148, 0.40208083823841545]",[4.99990000e+00 1.69494277e-04],[0.49332767 0.4903365  0.49242745 0.49110826],272.9057002587138,279.5023349918099
441,136.66201289207234,"[0.951939867581429, 0.23427612492004182]",[0.31731842 0.5667356 ],[0.01121034 0.78534724 0.89539942 0.17530089],277.3240257841447,283.9206605172408
442,133.20131741932948,"[2.162651585745376, 0.39360694618417624]",[0.55446847 0.46603371],[ 0.52315768  0.09989874  0.77999136 -0.25150044],270.40263483865897,276.99926957175506
443,118.66187381621683,"[0.1294759433858835, 0.47335976764826704]",[4.99990000e+00 7.12107794e-04],[0.37744192 0.36921135 0.37016502 0.36880618],241.32374763243365,247.92038236552972
444,137.61037706456327,"[0.3343548477625591, 0.8541853794422085]",[0.14926113 0.9999    ],[ 0.80269384 -0.03711662  0.35361577 -0.158809  ],279.22075412912653,285.81738886222263
445,129.7973268281054,"[4.713466618594666, 0.5939166129591789]",[4.99990000e+00 2.78750776e-04],[0.26326294 0.26081903 0.26218481 0.25886112],263.5946536562108,270.1912883893069
446,17.01384731860427,"[2.2931618649558043, 0.37407735857787894]",[4.9999    0.0182123],[0.02157664 0.24977867 0.46902363 0.02157664],38.02769463720854,44.624329370304615
447,137.93629229997114,"[3.4688517181183154, 0.031446220199153614]",[0.0001 0.0001],[0.58492759 0.58388568 0.58514756 0.58462202],279.8725845999423,286.4692193330384
448,137.83103088616883,"[0.4139235242555666, 0.4398278495707596]",[0.08277205 0.9999    ],[1.19980308 0.19170845 0.03437078 0.28175178],279.66206177233767,286.25869650543376
449,93.55775495563182,"[1.8660969768775133, 0.023413675522511578]",[1.68837779 0.38000045],[0.50623604 0.48421266 0.78282988 0.25689639],191.11550991126364,197.7121446443597
450,88.2875029467207,"[4.2375173222097295, 0.009827360193887011]",[4.99990000e+00 2.61045322e-03],[0.63908734 0.627457   0.6391646  0.62305518],180.5750058934414,187.17164062653748
451,115.16364916223262,"[2.729510877812187, 0.9899519170933345]",[4.9999000e+00 3.7211579e-04],[0.01546827 0.00698036 0.01109095 0.0051637 ],234.32729832446523,240.9239330575613
452,102.34331483963338,"[2.2063725713967064, 0.9598222649508137]",[2.30492004 0.04261631],[0.19795593 0.35578544 0.18097161 0.22147285],208.68662967926676,215.28326441236283
453,111.48569903901766,"[3.8223766792476455, 0.333569108379774]",[2.13196608 0.03148914],[0.75671734 0.6429213  0.92906839 0.70974861],226.97139807803532,233.5680328111314
454,109.4439693262711,"[0.5267707821898295, 0.3576398918499551]",[1.41184182 0.10659221],[0.7640478  0.27024001 0.77317394 0.46909999],222.8879386525422,229.48457338563827
455,86.31713875221686,"[1.2196572803466859, 0.508940991776239]",[1.9244079 0.2668097],[0.69631111 0.3602711  0.66775592 0.4221468 ],176.63427750443373,183.2309122375298
456,132.73415615816853,"[1.5211964234892037, 0.5831445710437625]",[0.49605834 0.9999    ],[ 0.11379839  0.39316132  0.78325346 -0.52358843],269.46831231633706,276.06494704943316
457,88.94865495857232,"[3.7562370556139997, 0.6559602794140735]",[2.09264438 0.01480547],[0.47378228 0.09894377 0.33286801 0.09470153],181.89730991714464,188.4939446502407
458,92.21863258658253,"[2.7389884017670756, 0.6284123232406449]",[3.05519596 0.03070133],[0.65806548 0.61107872 0.69688647 0.58018223],188.43726517316506,195.03389990626113
459,121.4575716000852,"[2.176086218828423, 0.14858832037821212]",[0.99500254 0.68530452],[0.3703737  0.12209981 0.29091042 0.06183911],246.9151432001704,253.51177793326647
460,82.99947471868438,"[2.4945851028628425, 0.31843289442321954]",[4.99990000e+00 1.40958607e-03],[0.61180154 0.60129087 0.60458711 0.59421323],169.99894943736876,176.59558417046483
461,137.54219209861944,"[1.157094731841843, 0.9288863228682006]",[0.27882866 0.19969396],[0.64980068 0.41393031 0.73071134 0.24911061],279.0843841972389,285.681018930335
462,136.0347159722954,"[1.6706782911782192, 0.9543538853231908]",[0.57595939 0.08033384],[0.59094565 0.23504336 0.7212453  0.17621806],276.0694319445908,282.6660666776869
463,134.84934262220324,"[1.8822714345470164, 0.6273346656622341]",[4.99990000e+00 2.06132136e-04],[0.16565873 0.1644479  0.16572963 0.16299482],273.6986852444065,280.2953199775026
464,121.99966848115581,"[2.845681400126326, 0.28011283357624644]",[4.99990000e+00 2.68603247e-04],[-0.05641298 -0.06197591 -0.06095774 -0.0641293 ],247.99933696231162,254.59597169540768
465,124.79735072831787,"[2.085768587737234, 0.8698380321609906]",[1.05835766 0.09025237],[0.63813989 0.52210311 0.65838096 0.01750776],253.59470145663573,260.1913361897318
466,132.08225858259073,"[3.9850279064291376, 0.16390782390253306]",[0.79061976 0.22616353],[0.30939329 0.27056768 0.83698565 0.37647367],268.16451716518145,274.76115189827755
467,134.10969252524822,"[1.3344840044872441, 0.9816793591174059]",[0.3406751 0.9999   ],[0.62074691 0.89151897 2.00763566 0.14655832],272.21938505049644,278.81601978359254
468,136.0950388021225,"[3.242940452470003, 0.9772288039377492]",[4.99990000e+00 1.30620562e-04],[0.21846629 0.21773346 0.21736104 0.21604289],276.190077604245,282.7867123373411
469,126.33628748586884,"[2.5738088244553743, 0.09853823967176356]",[4.99990000e+00 2.41610343e-04],[0.22501496 0.21975193 0.22169023 0.22002304],256.6725749717377,263.26920970483377
470,127.10843105607468,"[0.15234120930144546, 0.8245464664053438]",[4.99990000e+00 1.92714532e-04],[0.15030062 0.14579804 0.14697116 0.14534091],258.21686211214933,264.8134968452454
471,96.04445074453123,"[0.8060675131207998, 0.37262232199856277]",[1.75469055 0.09878823],[0.67891936 0.29469271 0.53471089 0.22576567],196.08890148906247,202.68553622215853
472,114.2376325722328,"[2.1346732782444655, 0.4821784277487892]",[0.61016032 0.9999    ],[ 1.75874968  0.57688747 -0.17858818 -0.41390201],232.4752651444656,239.07189987756166
473,131.51067346115175,"[2.8886970541035177, 0.6705021073420981]",[0.71754579 0.42503133],[0.31792675 0.80629822 0.45503975 0.05804168],267.0213469223035,273.6179816553996
474,128.1767580207057,"[2.120063659904797, 0.6294366892714669]",[0.76522742 0.31889233],[0.75012184 0.16446223 0.67052815 0.04377488],260.3535160414114,266.9501507745075
475,112.45220756713955,"[0.3236667421863722, 0.190661997357582]",[0.8461968  0.62452128],[ 1.13595945 -0.00264227  0.62310617 -0.23265062],228.9044151342791,235.50104986737517
476,132.1142197067912,"[1.3363979305720284, 0.1404855987419192]",[0.81981031 0.33870725],[0.43075302 0.30717057 0.44034186 0.5243932 ],268.2284394135824,274.8250741466785
477,132.56136477785677,"[1.0805836697782698, 0.32041082200118964]",[0.77013434 0.32389541],[0.40146585 0.56193351 0.5683906  0.40399321],269.12272955571353,275.71936428880963
478,132.58308929884552,"[1.34841115723588, 0.24862406111052793]",[4.9999000e+00 1.3076708e-04],[0.0708425  0.06782529 0.06748926 0.06751142],269.16617859769104,275.76281333078714
479,51.85577790994148,"[3.826234353978806, 0.732598520286814]",[4.99990000e+00 1.26660243e-03],[-0.01649649  0.01544162  0.01892212 -0.01649649],107.71155581988296,114.30819055297903
480,137.6003272272531,"[1.273397816198909, 0.351360347736749]",[0.17883441 0.9999    ],[0.63160734 0.77639176 0.25473071 0.35671196],279.2006544545062,285.7972891876023
481,126.52089678158535,"[0.253307151214085, 0.9952188965880311]",[0.89794082 0.34149136],[0.58532972 0.3795795  1.16559203 0.31304   ],257.0417935631707,263.6384282962668
482,128.90093600616026,"[0.23663492193847627, 0.06419608060538581]",[4.99990000e+00 2.83855174e-04],[-0.15221826 -0.15340489 -0.15458222 -0.15782405],261.80187201232053,268.3985067454166
483,137.3105598502925,"[0.26517533303681406, 0.9532560339462236]",[0.202107 0.9999  ],[ 0.80848319 -0.27976093  0.02733731  0.34178761],278.621119700585,285.2177544336811
484,137.78612380850748,"[4.8635537241951186, 0.8854045326615778]",[0.08112611 0.83968802],[ 1.06189936  0.28599027  0.52625212 -0.29643642],279.57224761701497,286.16888235011106
485,133.79914574494367,"[4.197622354734026, 0.3604128153153939]",[0.65042085 0.13021394],[0.74083922 0.43606296 0.8501708  0.22644846],271.59829148988734,278.19492622298344
486,132.06915900506365,"[4.566527246385264, 0.52363040208883]",[4.99990000e+00 2.98620571e-04],[0.68564882 0.68455307 0.68717127 0.68265753],268.1383180101273,274.7349527432234
487,133.5798907448321,"[1.9912219955469774, 0.7861132325856043]",[0.45556599 0.9999    ],[0.83950808 0.06582907 1.05720567 0.18758509],271.1597814896642,277.7564162227603
488,136.6451942624958,"[0.7287670367811988, 0.04540531670928853]",[1.92041019 0.00371285],[-0.04560065 -0.05888095 -0.07269297 -0.1093506 ],277.2903885249916,283.8870232580877
489,122.35896593308757,"[3.7444300748069077, 0.6773388432591152]",[1.46243251 0.0157337 ],[ 0.1736674  -0.08859322 -0.06357981 -0.23492179],248.71793186617515,255.31456659927122
490,78.94021652381407,"[2.1096962447213756, 0.9415880314721974]",[1.70639943 0.2743333 ],[0.62261928 0.29642802 0.56282406 0.21103571],161.88043304762815,168.4770677807242
491,95.53597280614188,"[4.703676224910938, 0.04054896322025487]",[1.69274902 0.10777402],[0.72397992 0.27385592 0.73903612 0.33419297],195.07194561228377,201.66858034537984
492,136.61366716718646,"[2.9036815654980033, 0.6161433249980867]",[0.49370962 0.04320205],[0.69289617 0.24765242 0.29803823 0.15790874],277.2273343343729,283.823969067469
493,137.9362896036623,"[1.7231367787312584, 0.5872070395280414]",[0.0001 0.0001],[-0.2493632  -0.25024398 -0.25107343 -0.25168119],279.8725792073246,286.4692139404207
494,137.93628926306772,"[3.999658010695575, 0.13242061284024942]",[0.0001 0.0001],[0.39065062 0.39001794 0.39048132 0.39014852],279.87257852613544,286.46921325923154
495,137.93628947571844,"[2.057377400366733, 0.33627921547049494]",[0.0001 0.0001],[-0.1695926  -0.17106658 -0.1713502  -0.1719294 ],279.8725789514369,286.469213684533
496,137.3572278457072,"[0.8812828314412428, 0.5931658183135178]",[4.53210656e+00 1.00000000e-04],[-0.02465692 -0.0260151  -0.02577887 -0.02708448],278.7144556914144,285.3110904245105
497,137.80316699377812,"[4.256031063528208, 0.5353482996725746]",[0.15192696 0.26091409],[0.56865396 0.22525477 0.8956169  0.21014324],279.60633398755624,286.20296872065234
498,115.89046342594123,"[0.9766517073188888, 0.016165197108641966]",[4.99990000e+00 7.39630073e-04],[0.34262111 0.33768378 0.34131455 0.332028  ],235.78092685188247,242.37756158497854
499,135.74304115092113,"[0.1817458015861934, 0.5617087478370282]",[0.25847769 0.9999    ],[ 0.5880829  -0.7929238   1.30963237  0.35313588],275.48608230184226,282.08271703493836
500,137.93629302893584,"[0.11208557066814684, 0.039653847779958146]",[0.0001 0.0001],[0.7980498  0.79609065 0.79799954 0.79687453],279.8725860578717,286.46922079096777
501,137.93629630409694,"[1.6139301232131251, 0.20901221273274337]",[0.0001 0.0001],[1.03420751 1.0290569  1.03293894 1.03420751],279.8725926081939,286.46922734129
