participant_id,best_initial_guess,best_parameters,EV_Gau,EV_Dir,EV,best_nll,AIC,BIC
1,"[4.4810784533659405, 0.8412335004090579, 0.6929465823709722]",[1.56865339e+00 8.53143298e-02 1.00000000e-04],[0.54922625 0.30821815 0.77690876 0.08326452],[0.53238783 0.16801871 0.25819251 0.04140095],[0. 0. 0. 0.],114.06812180116523,234.13624360233047,244.7006263559172
2,"[1.5929347804975846, 0.6155760390045313, 0.7427640619405281]",[8.62231765e-01 5.57659773e-01 1.00000000e-04],[0.98057812 0.28891304 0.88897419 0.41163137],[9.99788911e-01 1.09674574e-05 1.98633689e-04 1.48784264e-06],[0. 0. 0. 0.],148.22448913180793,302.44897826361586,313.0133610172026
3,"[4.621505743111188, 0.4249907234152725, 0.4254191081777715]",[0.85817224 0.15023977 0.02867962],[0.70914328 0.25178456 0.73129689 0.38371205],[0.29005122 0.02131831 0.65619618 0.03243429],[0. 0. 0. 0.],163.6880681595147,333.3761363190294,343.94051907261615
4,"[1.5041498545236072, 0.8902020507804131, 0.08980343786244249]",[1.27567067e+00 1.76063202e-01 1.00000000e-04],[0.58132765 0.40799658 0.77586581 0.26840521],[0.49348591 0.22626388 0.22772069 0.05252953],[0. 0. 0. 0.],143.1170091014116,292.2340182028232,302.79840095641
5,"[1.526495218821134, 0.8424954573445321, 0.3353844283316096]",[1.70434069e+00 4.05788008e-02 1.00000000e-04],[0.60135396 0.05376981 0.69799478 0.09569612],[0.46732826 0.03688009 0.49182979 0.00396186],[0. 0. 0. 0.],104.12959258493551,214.25918516987102,224.82356792345774
6,"[3.473378089204708, 0.027016249699969366, 0.7929626350196164]",[4.62148553e+00 2.37777971e-04 9.28274430e-01],[0.00966061 0.00097976 0.00978296 0.00157897],[0.41080667 0.09646848 0.36612476 0.12660009],[0. 0. 0. 0.],140.15957557792066,286.3191511558413,296.8835339094281
7,"[0.19133543221260105, 0.6888300453402348, 0.2119621375155813]",[1.13158864 0.01945714 0.9999    ],[0.42609639 0.14212642 0.1728125  0.11630628],[0.5708823  0.09033062 0.05882577 0.27996131],[0. 0. 0. 0.],163.19664595191767,332.39329190383535,342.9576746574221
8,"[1.1329592841202494, 0.8652160130761343, 0.23313884714663805]",[1.42024968 0.00494075 0.9999    ],[0.11310968 0.0728122  0.05856365 0.04362884],[0.31153692 0.36766479 0.13389791 0.18690038],[0. 0. 0. 0.],165.61549756268332,337.23099512536663,347.7953778789534
9,"[4.963710654822588, 0.3336248479903133, 0.24181558551014318]",[1.89722077 0.03291339 0.11451614],[0.55314314 0.05214239 0.67372393 0.02722972],[0.42296361 0.00221931 0.57215808 0.00265899],[0. 0. 0. 0.],79.00066756828029,164.00133513656058,174.5657178901473
10,"[1.8770468328943026, 0.3947619210234701, 0.9367416054791438]",[4.99990000e+00 7.87229007e-04 8.90890855e-01],[0.01881016 0.0134258  0.00987118 0.00668534],[0.32061346 0.36326178 0.14250377 0.17362099],[0. 0. 0. 0.],129.04365386065868,264.08730772131736,274.6516904749041
11,"[2.4413886095720043, 0.5299419901856939, 0.40354333448167773]",[3.16110829e+00 9.92432923e-04 9.53409307e-01],[ 0.04309791  0.00873544  0.03290114 -0.0003455 ],[0.48279471 0.1716036  0.32474677 0.02085492],[0. 0. 0. 0.],103.17648427097745,212.3529685419549,222.91735129554164
12,"[1.9851458181765942, 0.9484791485372361, 0.556375114347569]",[1.47664813 0.21132696 0.81551778],[0.86755751 0.32081381 0.92124371 0.14500445],[6.38996006e-01 5.63349522e-03 3.55369095e-01 1.40395195e-06],[0. 0. 0. 0.],123.32885775222299,252.65771550444597,263.2220982580327
13,"[4.714592860403459, 0.18780150224165512, 0.6599598637784477]",[2.57890709e+00 2.36112092e-02 1.00000000e-04],[ 0.64821539 -0.0110399   0.47010073  0.014988  ],[0.63933834 0.00165948 0.35379966 0.00520252],[0. 0. 0. 0.],42.199074264743174,90.39814852948635,100.96253128307309
14,"[4.291275402518925, 0.08137350016707236, 0.03831775852848373]",[0.84924755 0.06677551 0.9999    ],[0.66752185 0.36073264 0.73411353 0.36477165],[0.19243774 0.23124104 0.26034035 0.31598087],[0. 0. 0. 0.],170.01770723801664,346.0354144760333,356.59979722962004
15,"[2.984312787598362, 0.09451786147043567, 0.6137572571152506]",[3.53549966e+00 1.00000000e-04 9.93834687e-01],[4.51533156e-03 8.09951412e-04 4.05347937e-03 8.99012963e-05],[0.52734081 0.12542084 0.32655014 0.02068821],[0. 0. 0. 0.],90.73721371039817,187.47442742079633,198.03881017438306
16,"[4.63905298340494, 0.02097196925355929, 0.050188189031354725]",[2.73082628e+00 1.00000000e-04 8.66213806e-01],[0.0021372  0.0017035  0.00320546 0.00067465],[0.21548307 0.27673425 0.34618216 0.16160051],[0. 0. 0. 0.],170.63797903965474,347.2759580793095,357.84034083289623
17,"[0.2517434686416232, 0.1462577463462123, 0.6903036482262044]",[1.14849429 0.15824702 0.9999    ],[0.49918685 0.27107766 0.59903628 0.30957034],[0.34413289 0.01412161 0.18651287 0.45523264],[0. 0. 0. 0.],160.29426535409686,326.58853070819373,337.1529134617805
18,"[0.7954965086236483, 0.10656079821792862, 0.7942560216762378]",[7.19430945e-01 2.18203367e-01 1.00000000e-04],[0.49508159 0.39077326 1.02668341 0.31635312],[0.49730321 0.00979559 0.40969386 0.08320734],[0. 0. 0. 0.],166.52887983584384,339.0577596716877,349.62214242527443
19,"[0.2551467904615736, 0.1305578122175011, 0.49873431588878175]",[4.85237848e+00 1.77540642e-04 9.98005973e-01],[ 6.71699137e-03  1.20716411e-04  9.78600285e-03 -2.10417372e-05],[0.43999998 0.04936411 0.48955838 0.02107753],[0. 0. 0. 0.],53.84401096771223,113.68802193542446,124.2524046890112
20,"[1.015009473354134, 0.8293625454743556, 0.9104586088603787]",[6.68805816e-01 5.59206680e-02 1.00000000e-04],[0.65050023 0.26531847 0.59385666 0.18733446],[0.45115045 0.03339991 0.39812673 0.11732291],[0. 0. 0. 0.],170.3535788861767,346.7071577723534,357.27154052594017
21,"[3.8377697752185402, 0.22301727616060613, 0.669540739109071]",[1.59979073e+00 1.00000000e-04 9.83503892e-01],[0.00690277 0.         0.         0.0010221 ],[0.75582462 0.00757821 0.00757821 0.22901897],[0. 0. 0. 0.],100.43891413713455,206.8778282742691,217.44221102785582
22,"[2.9306559981473574, 0.5435543652825905, 0.08917618890895226]",[1.0130346  0.09173644 0.9999    ],[0.56387513 0.28615669 0.73120554 0.14243229],[0.60687644 0.02592434 0.18132647 0.18587275],[0. 0. 0. 0.],154.3347798611528,314.6695597223056,325.2339424758924
23,"[1.9386565510236022, 0.7779380481156749, 0.3772188470548953]",[2.06978899 0.08927365 0.0884052 ],[0.63757192 0.06247616 0.88135782 0.11485743],[4.17793960e-01 3.12582479e-07 5.39211627e-01 4.29941006e-02],[0. 0. 0. 0.],49.64683567180483,105.29367134360966,115.8580540971964
24,"[4.0711372886438335, 0.14196296228495023, 0.06478236125479685]",[1.98818888 0.14010016 0.9999    ],[0.84967749 0.29566598 0.76696198 0.02755912],[5.99519025e-01 1.39158451e-03 3.99089389e-01 1.48259170e-09],[0. 0. 0. 0.],66.84939633730815,139.6987926746163,150.26317542820303
25,"[1.519787991008087, 0.4255692727334849, 0.39216722676311133]",[1.23723725 0.32869623 0.9999    ],[0.55039764 0.69657437 0.52888608 0.18555595],[0.71742529 0.06320299 0.20668343 0.0126883 ],[0. 0. 0. 0.],134.97485263712676,275.9497052742535,286.5140880278403
26,"[2.231188390482781, 0.17652246758142934, 0.9774139637398195]",[8.64865867e-01 8.15160616e-02 1.00000000e-04],[0.75347454 0.2795707  0.64689312 0.23602954],[0.56205041 0.06083316 0.21619892 0.16091751],[0. 0. 0. 0.],163.84628458291468,333.69256916582935,344.2569519194161
27,"[4.402180758499278, 0.3844180879630342, 0.6560906420314965]",[1.63227511e+00 4.32160769e-02 1.00000000e-04],[0.5509623  0.264437   0.60822932 0.08971538],[0.53326429 0.1152819  0.34704447 0.00440934],[0. 0. 0. 0.],129.61177589609136,265.2235517921827,275.7879345457695
28,"[1.1184543190318612, 0.6964770535627153, 0.38788623779509773]",[1.56811744e+00 3.24708129e-01 7.91757058e-04],[0.38778507 0.07958157 0.7166368  0.35799679],[6.95746551e-01 1.44233288e-05 1.26152342e-01 1.78086683e-01],[0. 0. 0. 0.],116.48786415674363,238.97572831348725,249.54011106707398
29,"[3.8477965870239528, 0.9079506771500389, 0.8836469667457177]",[0.27057294 0.9999     0.90740978],[0.97896964 0.08247884 0.94807005 0.09658418],[1.0000000e+00 9.9990001e-13 9.9990000e-21 9.9990000e-21],[0. 0. 0. 0.],171.3236893592342,348.6473787184684,359.2117614720552
30,"[3.687124735773205, 0.2551098237627194, 0.6010711124553436]",[0.0001 0.0001 0.0001],[0.00310454 0.00199776 0.00184697 0.00030689],[0.32014467 0.37525701 0.17975832 0.12484001],[0. 0. 0. 0.],173.28679586650327,352.57359173300654,363.1379744865933
31,"[2.6757847599443965, 0.721335645952201, 0.9170585945934815]",[1.76304672e+00 8.69581787e-02 1.00000000e-04],[0.67819565 0.23985475 0.67114485 0.09304062],[0.67651025 0.00846756 0.27954958 0.0354726 ],[0. 0. 0. 0.],91.43739199904152,188.87478399808305,199.43916675166977
32,"[2.1506309396761405, 0.8776317014945455, 0.0834382347393137]",[3.20613211e+00 1.88431141e-02 1.00000000e-04],[0.51250904 0.0039542  0.44091666 0.02628172],[0.65642563 0.00418819 0.3324954  0.00689078],[0. 0. 0. 0.],37.81838309510493,81.63676619020985,92.2011489437966
33,"[0.15549316755014586, 0.3437613182511584, 0.8296916790536738]",[0.31702905 0.21893354 0.9999    ],[0.424723   0.29189346 0.82554724 0.42512587],[1.09191985e-04 2.60703531e-01 9.67992604e-05 7.39090478e-01],[0. 0. 0. 0.],172.38142050725145,350.7628410145029,361.32722376808965
34,"[3.1496810193961196, 0.04257489315956447, 0.5060780159616809]",[1.64579782e+00 1.91777770e-04 9.99900000e-01],[0.         0.00815351 0.00665029 0.        ],[0.00725255 0.63240415 0.35309076 0.00725255],[0. 0. 0. 0.],87.54001873418738,181.08003746837477,191.6444202219615
35,"[1.5074244891843702, 0.822149330497868, 0.9683119487082977]",[0.66977298 0.00586204 0.9999    ],[0.18142607 0.04763027 0.11620844 0.06945853],[0.33885592 0.16521996 0.24641512 0.24950901],[0. 0. 0. 0.],172.54524552421168,351.09049104842336,361.6548738020101
36,"[0.06616434265572416, 0.9607495747383671, 0.3076105979091895]",[7.93856817e-01 1.41844583e-01 2.77332413e-04],[0.8211339  0.20919287 0.84658242 0.195321  ],[0.3059046  0.05592649 0.53370721 0.1044617 ],[0. 0. 0. 0.],164.48073090343934,334.9614618068787,345.52584456046543
37,"[2.913058909209613, 0.38713916566402495, 0.44763269023751895]",[1.6760515  0.07037571 0.99388864],[0.34775945 0.21641635 0.17925736 0.34532351],[0.00606775 0.56735841 0.00113806 0.42543578],[0. 0. 0. 0.],114.75816702600312,235.51633405200624,246.08071680559297
38,"[1.7822362625876769, 0.5473910527533886, 0.4688085813881482]",[1.9432377 0.1442653 0.9999   ],[0.69530927 0.42713098 0.9461597  0.05212956],[2.93931152e-01 2.21685923e-02 6.83900255e-01 1.00510887e-10],[0. 0. 0. 0.],67.94890678400127,141.89781356800253,152.46219632158926
39,"[2.299212111302735, 0.2579050385088881, 0.6809104180305162]",[1.32569566e+00 5.00244119e-02 1.00000000e-04],[0.67851429 0.34485325 0.61642174 0.13149063],[0.6412973  0.11128544 0.23703699 0.01038026],[0. 0. 0. 0.],146.84063140154475,299.6812628030895,310.24564555667627
40,"[3.4812596437879137, 0.6443120834651351, 0.5123534662810173]",[4.9999     0.04697881 0.9999    ],[0.65123566 0.         0.         0.38956002],[5.32756305e-01 5.02057841e-05 5.02057841e-05 4.67143283e-01],[0. 0. 0. 0.],19.408468568322704,44.81693713664541,55.38131989023215
41,"[2.817924908588176, 0.068217006213366, 0.031608144926353436]",[2.42032249e+00 2.05642969e-04 9.88428703e-01],[0.00921082 0.00182344 0.0053332  0.0009694 ],[0.47892154 0.190179   0.22844074 0.10245872],[0. 0. 0. 0.],139.95846364080245,285.9169272816049,296.48131003519165
42,"[4.026693205449032, 0.18544908695443316, 0.4895933074588404]",[1.29311121e+00 5.76387472e-02 3.99960717e-04],[0.49295403 0.30966387 0.70564161 0.18301752],[0.26810129 0.0906709  0.59146429 0.04976353],[0. 0. 0. 0.],152.40982925598232,310.81965851196463,321.3840412655514
43,"[3.2611332093887286, 0.34653227207029225, 0.7900330678358062]",[4.9999000e+00 2.3263719e-04 1.0000000e-04],[0.00725372 0.00169731 0.00873127 0.00124369],[0.34612875 0.16856991 0.36816758 0.11713376],[0. 0. 0. 0.],150.51362884046554,307.0272576809311,317.59164043451784
44,"[1.3823270919481465, 0.3874375982999371, 0.2649146740481243]",[6.91677727e-01 1.65591918e-01 1.00000000e-04],[0.63900175 0.09637051 0.66402063 0.10690052],[5.11402923e-01 5.85330609e-05 2.74495784e-01 2.14042760e-01],[0. 0. 0. 0.],166.74050579642812,339.48101159285625,350.045394346443
45,"[2.1448614845529828, 0.3333169406504454, 0.4011910414660132]",[1.40949385e+00 4.11066666e-02 1.00000000e-04],[0.63136086 0.18533669 0.57086035 0.04896797],[0.59388286 0.11745475 0.2535306  0.0351318 ],[0. 0. 0. 0.],133.75247907596716,273.5049581519343,284.0693409055211
46,"[1.9584178887928547, 0.5078175937806835, 0.988886105729671]",[1.5924278  0.01708282 0.9999    ],[0.47207837 0.08771879 0.52626848 0.04541273],[0.41633022 0.06247637 0.48795624 0.03323717],[0. 0. 0. 0.],129.35797365659067,264.71594731318135,275.2803300667681
47,"[0.22307590187622417, 0.4220412846127769, 0.4736326278273888]",[9.05429087e-01 1.51257433e-01 1.35495286e-04],[0.60523163 0.31894672 0.74990714 0.27710562],[0.51524159 0.07053438 0.41071579 0.00350824],[0. 0. 0. 0.],164.2567122043205,334.513424408641,345.07780716222777
48,"[3.7190072536716756, 0.5875207881483109, 0.06282425398365667]",[3.89834872e+00 7.92795191e-04 9.05247756e-01],[0.03889895 0.00612668 0.01780493 0.0038391 ],[0.51951781 0.15679815 0.23268091 0.09100313],[0. 0. 0. 0.],111.60965868000974,229.2193173600195,239.78370011360622
49,"[2.6616044702149115, 0.5795284668952172, 0.9825761923892035]",[1.55832818 0.32258209 0.58720636],[ 0.68023824 -0.20059514  0.58689366  0.27619702],[1.10585666e-01 1.47944514e-11 3.49322259e-01 5.40092075e-01],[0. 0. 0. 0.],107.26536779720819,220.53073559441637,231.0951183480031
50,"[1.6312041919868345, 0.2093417150172302, 0.5458869792294886]",[4.99990000e+00 2.34402065e-04 1.00000000e-04],[0.00822806 0.00277531 0.00735185 0.00262105],[0.34547191 0.15072856 0.29528482 0.20851471],[0. 0. 0. 0.],157.0529437062675,320.105887412535,330.6702701661218
51,"[0.2585304049337646, 0.4785799376958927, 0.9294302919130364]",[4.9999000e+00 4.5595047e-04 1.0000000e-04],[0.02188891 0.00487445 0.00961775 0.00062987],[0.50254854 0.19060396 0.20727164 0.09957586],[0. 0. 0. 0.],109.56925397476695,225.1385079495339,235.70289070312063
52,"[3.6019943991027494, 0.31673022045878524, 0.014092390826959103]",[1.12929196 0.74789606 0.9999    ],[0.30212991 0.44306859 0.93381557 0.01993924],[7.71030565e-04 9.51059524e-01 4.81204413e-02 4.90041571e-05],[0. 0. 0. 0.],127.42356277113367,260.84712554226735,271.4115082958541
53,"[4.065739475961824, 0.7264254543101992, 0.20824432830975104]",[1.15433222e+00 1.94017905e-01 1.00000000e-04],[0.63395298 0.25261555 0.84973445 0.03617967],[4.30014155e-01 3.92078671e-02 5.30774302e-01 3.67580437e-06],[0. 0. 0. 0.],146.0334628992823,298.0669257985646,308.6313085521514
54,"[3.437397712082253, 0.7358424521391183, 0.06851409837753228]",[2.1300875e+00 3.5383128e-02 1.0000000e-04],[0.67469692 0.10372921 0.64978429 0.0008481 ],[0.63274766 0.00297459 0.34340098 0.02087677],[0. 0. 0. 0.],69.63786041852701,145.27572083705402,155.84010359064075
55,"[2.7285782710456723, 0.9175218663549956, 0.4209480979845553]",[1.42102459e+00 1.22526159e-04 9.99900000e-01],[0.00673024 0.00081509 0.00417843 0.00012795],[0.56464764 0.09951521 0.31448225 0.0213549 ],[0. 0. 0. 0.],139.22791610032033,284.45583220064066,295.0202149542274
56,"[0.44225273444812796, 0.684406680395063, 0.34073229748643896]",[1.43022292 0.06317496 0.9999    ],[0.72618753 0.35056945 0.67500092 0.14360407],[0.54346451 0.01201547 0.39070739 0.05381264],[0. 0. 0. 0.],141.82471076247725,289.6494215249545,300.21380427854126
57,"[1.5210597513118778, 0.12267439370766715, 0.881477569977859]",[1.5793801  0.00700669 0.9999    ],[0.09986587 0.10211153 0.22332965 0.04036267],[0.185056   0.31011569 0.38337774 0.12145058],[0. 0. 0. 0.],154.33875013522552,314.67750027045105,325.2418830240378
58,"[2.315359748374656, 0.20867325124274771, 0.1200397215540201]",[1.45327903 0.15612514 0.9999    ],[0.47053114 0.29919419 0.72703684 0.0499717 ],[1.03734392e-10 6.25724502e-01 3.74275498e-01 2.10182115e-11],[0. 0. 0. 0.],113.95987053206247,233.91974106412493,244.48412381771166
59,"[1.8078790783339163, 0.04405463170420204, 0.7866368759803701]",[1.84234658e+00 6.00236994e-02 1.00000000e-04],[0.67135415 0.21472852 0.72805394 0.12637444],[0.45445754 0.00499706 0.52833915 0.01220626],[0. 0. 0. 0.],81.03551581787677,168.07103163575354,178.63541438934027
60,"[1.6209019509799922, 0.9840777151027982, 0.9177715126910805]",[1.0221665  0.24311446 0.25849005],[0.69128574 0.17594731 0.79508992 0.31850819],[0.65683645 0.10460303 0.15939938 0.07916114],[0. 0. 0. 0.],152.98111176241173,311.96222352482346,322.5266062784102
61,"[2.246297847813847, 0.10462971100558477, 0.29705721387435224]",[1.90919654 0.04174742 0.90172608],[0.5938164  0.1447907  0.60471543 0.05829188],[0.75282502 0.0049222  0.24021799 0.0020348 ],[0. 0. 0. 0.],73.85363704653118,153.70727409306235,164.27165684664908
62,"[0.878428819711675, 0.28296877920055863, 0.1553891190504622]",[1.17817875e+00 7.50397384e-02 1.00000000e-04],[0.61389319 0.15019903 0.70193342 0.14860694],[0.53674076 0.00574428 0.37506627 0.08244869],[0. 0. 0. 0.],154.79242585589972,315.58485171179944,326.1492344653862
63,"[0.7345348605214703, 0.49103217118266584, 0.9741701911842063]",[0.8236654  0.1889123  0.04268686],[0.93291547 0.30958304 0.80973336 0.29053966],[0.60479254 0.0370378  0.3400946  0.01807506],[0. 0. 0. 0.],164.10219616704526,334.2043923340905,344.7687750876773
64,"[1.5266266274225209, 0.6231200491285598, 0.5721049405569011]",[1.83190361 0.04713203 0.9999    ],[0.76347059 0.13440614 0.71222813 0.02569438],[0.69293662 0.0033492  0.30273664 0.00097753],[0. 0. 0. 0.],78.44921922501665,162.8984384500333,173.46282120362002
65,"[0.41168701300060867, 0.267825601056143, 0.22469663457848685]",[2.07882173e-01 1.18024027e-01 1.00000000e-04],[0.53433168 0.40315377 0.64698856 0.41087059],[0.08118061 0.19405613 0.35748621 0.36727705],[0. 0. 0. 0.],173.17168711035194,352.3433742207039,362.90775697429063
66,"[1.7098294653182087, 0.8171853310182483, 0.5638210742728292]",[1.61971945 0.10136108 0.84424556],[ 0.68922773  0.14527721  0.71779867 -0.07047934],[0.58082352 0.00292387 0.39056224 0.02569037],[0. 0. 0. 0.],105.05632260316315,216.1126452063263,226.67702795991303
67,"[0.15749173813786999, 0.9790406049544909, 0.539841873732312]",[4.99990000e+00 4.08820095e-04 1.00000000e-04],[0.01480251 0.00589762 0.00947951 0.00166633],[0.41855652 0.25345878 0.2240893  0.1038954 ],[0. 0. 0. 0.],135.41399626685927,276.82799253371854,287.3923752873053
68,"[2.132823734060089, 0.0016868150789985888, 0.949996633089962]",[4.22791099e+00 4.22014490e-04 8.79253028e-01],[0.02240521 0.00426519 0.00578047 0.00374666],[0.51188532 0.16471934 0.14309724 0.1802981 ],[0. 0. 0. 0.],133.6064972773772,273.2129945547544,283.77737730834116
69,"[1.7351375396449733, 0.33071174753729354, 0.19506481876218326]",[1.52597893 0.0935838  0.9999    ],[0.64856821 0.37186511 0.56958964 0.10769698],[0.47286908 0.11801552 0.39233506 0.01678034],[0. 0. 0. 0.],146.3627915781664,298.7255831563328,309.28996590991954
70,"[1.9981980449533494, 0.6492261280418612, 0.6620273669681195]",[0.89547248 0.09513595 0.9999    ],[0.57531076 0.39135015 0.72714045 0.10582878],[0.25369275 0.42256133 0.3232129  0.00053302],[0. 0. 0. 0.],165.7759579814916,337.5519159629832,348.11629871656993
71,"[3.262792644721523, 0.680241272642672, 0.13379251424766644]",[1.17350451 0.10249661 0.9999    ],[0.73695904 0.12650555 0.82737232 0.22654348],[6.43389638e-01 2.13359402e-02 3.35063168e-01 2.11253122e-04],[0. 0. 0. 0.],146.25408902155633,298.50817804311265,309.0725607966994
72,"[1.1836414111372717, 0.6950353541373192, 0.3198701301573027]",[0.0001 0.0001 0.0001],[0.00253884 0.00092005 0.00250587 0.00081896],[0.26547622 0.23454135 0.28144171 0.21854072],[0. 0. 0. 0.],173.28679843813558,352.57359687627115,363.1379796298579
73,"[3.115097550195679, 0.7694550672170127, 0.25256533397832015]",[1.85265589 0.19072786 0.9999    ],[ 0.63646722 -0.06775603  0.88761472  0.03437176],[6.64449439e-01 5.40416513e-11 3.35550561e-01 1.12022886e-12],[0. 0. 0. 0.],68.96937892570114,143.93875785140227,154.503140604989
74,"[1.762849955154245, 0.002620018561076304, 0.2885050077715528]",[1.39814468e+00 7.88107006e-02 1.00000000e-04],[0.71482394 0.16118033 0.70342987 0.44846654],[0.4669329  0.00859576 0.38218593 0.14228541],[0. 0. 0. 0.],143.29451756644258,292.58903513288516,303.1534178864719
75,"[2.500221914150924, 0.25365009777786235, 0.5393805746130803]",[2.92337912e+00 2.79195386e-03 6.97991140e-01],[0.08550752 0.05685114 0.05210526 0.00924263],[0.36447286 0.31907831 0.19786548 0.11858336],[0. 0. 0. 0.],150.72041281366097,307.44082562732194,318.0052083809087
76,"[4.568083863495937, 0.034171617265974785, 0.24502774374004163]",[1.57335034 0.54593222 0.9999    ],[ 0.28691255 -0.13276618  0.52407131  0.37778423],[1.92263189e-01 4.75267271e-09 8.07736806e-01 5.30848698e-13],[0. 0. 0. 0.],93.6763180050244,193.3526360100488,203.91701876363553
77,"[4.670215179964303, 0.16286345827784393, 0.3783567074874003]",[1.4131282  0.50467824 0.9999    ],[0.70448652 0.4339168  0.47449597 0.15667738],[7.24526123e-01 1.16786645e-17 2.75397242e-01 7.66346356e-05],[0. 0. 0. 0.],114.43452303093333,234.86904606186667,245.4334288154534
78,"[2.926054559610068, 0.30753939292470095, 0.8035619047348715]",[1.87368670e+00 1.53584583e-02 1.00000000e-04],[0.42064516 0.15101883 0.229781   0.06360623],[0.53637581 0.15543682 0.19705136 0.11113601],[0. 0. 0. 0.],139.70556162551281,285.41112325102563,295.9755060046124
79,"[2.9284962698623134, 0.8446187319884008, 0.4735718899819787]",[3.41664907e+00 8.89897521e-04 1.00000000e-04],[0.0310956  0.0112678  0.01759492 0.00486154],[0.42410657 0.26199478 0.17466404 0.13923461],[0. 0. 0. 0.],165.1679847160753,336.3359694321506,346.90035218573735
80,"[1.8075139358980032, 0.5712587843042312, 0.2572201613799038]",[2.81914930e-01 2.70928695e-01 1.02614528e-04],[0.58628027 0.46218662 0.53964411 0.22313089],[0.63703539 0.08050926 0.009915   0.27254035],[0. 0. 0. 0.],172.69235228537963,351.38470457075925,361.949087324346
81,"[3.0380836418843256, 0.0585085318163798, 0.20729275214646334]",[1.48096189 0.21958528 0.9999    ],[0.63953372 0.4428474  0.63849281 0.09216771],[1.74721316e-11 3.64682648e-01 6.35317352e-01 2.38657063e-16],[0. 0. 0. 0.],112.15847528924004,230.3169505784801,240.88133333206682
82,"[1.7421872957731095, 0.20131673452992685, 0.30349014931676593]",[1.60848954 0.17758997 0.27890494],[0.61297289 0.29685339 0.67333445 0.20371656],[0.33008016 0.05096545 0.61793519 0.00101919],[0. 0. 0. 0.],109.57339341721826,225.1467868344365,235.71116958802324
83,"[0.20856183331097697, 0.09287014462382075, 0.6010154406536715]",[1.96243612e-01 1.64926995e-01 1.00000000e-04],[0.81804671 0.23370688 0.75038374 0.09123335],[0.53827267 0.11411869 0.31636408 0.03124455],[0. 0. 0. 0.],172.88424786796548,351.76849573593097,362.3328784895177
84,"[4.365231163736632, 0.059595580181763766, 0.7122512875289455]",[1.64220583 0.0969555  0.79045262],[0.66208331 0.32828818 0.66168563 0.23786443],[5.71817925e-01 3.11914982e-03 4.24866769e-01 1.96155866e-04],[0. 0. 0. 0.],118.40299457913589,242.80598915827179,253.3703719118585
85,"[0.8607831053475175, 0.7735302186746843, 0.7041957193666678]",[2.20587117e+00 2.93358842e-02 1.00000000e-04],[0.63328334 0.00916334 0.59310326 0.03588863],[0.64453696 0.01063323 0.34233463 0.00249518],[0. 0. 0. 0.],65.16764187559025,136.3352837511805,146.89966650476723
86,"[0.8272277878697655, 0.3646107851557421, 0.9315583784565943]",[1.35664432 0.00163668 0.9999    ],[ 0.07428769  0.00050025  0.08386973 -0.000623  ],[0.46907698 0.02006138 0.50475587 0.00610577],[0. 0. 0. 0.],128.10251820958825,262.2050364191765,272.76941917276326
87,"[3.230492139291577, 0.7404592675800289, 0.3092387008423768]",[1.67346633e+00 4.28258316e-02 1.00000000e-04],[0.56216934 0.05691768 0.69310733 0.07361457],[0.42990574 0.00235695 0.56451457 0.00322273],[0. 0. 0. 0.],114.16362927185051,234.32725854370102,244.89164129728775
88,"[1.3997803119576906, 0.8815469951729508, 0.6152456865076744]",[1.91062702 0.17951954 0.68401702],[0.42623175 0.26831442 0.79394947 0.0911711 ],[6.32007946e-01 2.78201860e-09 3.67992048e-01 3.14720541e-09],[0. 0. 0. 0.],74.90556021903896,155.81112043807792,166.37550319166465
89,"[1.2015182572689393, 0.8495783410452663, 0.7714916116347763]",[1.80515469e+00 3.65000547e-02 1.00000000e-04],[0.59819166 0.17799539 0.57285167 0.02052812],[0.5625119  0.06090127 0.37324492 0.00334191],[0. 0. 0. 0.],103.62082802295009,213.24165604590019,223.8060387994869
90,"[3.3606079873706136, 0.16883700099579946, 0.07083168615143307]",[1.40412075 0.06717619 0.9999    ],[0.58904995 0.35724998 0.58116559 0.23080142],[0.42418071 0.00093196 0.45351092 0.12137641],[0. 0. 0. 0.],141.6457338822297,289.2914677644594,299.85585051804617
91,"[2.613677968963191, 0.8109344329923204, 0.8002096641230182]",[7.36418258e-01 1.73209319e-01 1.00000000e-04],[0.87562506 0.19851906 0.70252534 0.14575967],[8.68601385e-01 1.10414949e-01 2.03167295e-02 6.66936125e-04],[0. 0. 0. 0.],162.20125078442905,330.4025015688581,340.96688432244486
92,"[1.4307378087288618, 0.48697226314898734, 0.9014124140016329]",[9.10085058e-01 1.32663577e-01 1.00000000e-04],[0.72047742 0.33265704 0.73374266 0.30815847],[0.69042887 0.00993462 0.29288094 0.00675556],[0. 0. 0. 0.],162.1280507036413,330.2561014072826,340.82048416086934
93,"[2.5638957317308866, 0.22931876084721386, 0.4476922889982237]",[1.50899488e+00 6.20481476e-02 1.00000000e-04],[0.62912716 0.31126178 0.75628545 0.08202819],[0.3875361  0.14609965 0.45130367 0.01506058],[0. 0. 0. 0.],126.12104974364338,258.24209948728674,268.8064822408735
94,"[2.0203280367872005, 0.483154462064977, 0.9271755786773028]",[0.73732867 0.87805541 0.00445552],[-0.1356628   0.23730936  0.83852755  0.20180463],[4.29456878e-08 1.07097781e-01 8.92902176e-01 2.27080703e-26],[0. 0. 0. 0.],158.25014381688882,322.50028763377765,333.0646703873644
95,"[3.909428051101514, 0.016326397411855244, 0.44854868236654727]",[4.37309186e+00 8.33306118e-04 6.85013285e-01],[0.02747825 0.01408814 0.02073429 0.00398699],[0.32015887 0.34672355 0.24579781 0.08731978],[0. 0. 0. 0.],145.2656187279245,296.531237455849,307.09562020943576
96,"[0.5793090261572602, 0.5887961026834029, 0.21542583835398146]",[7.17440567e-01 4.44023700e-02 1.00000000e-04],[0.58022111 0.31437331 0.61949307 0.11127309],[0.38833052 0.26170058 0.31267924 0.03728967],[0. 0. 0. 0.],170.10737893415958,346.21475786831917,356.7791406219059
97,"[1.8182768994016762, 0.4171073782537066, 0.14754344330486382]",[1.33698603e+00 5.19436396e-02 1.00000000e-04],[0.71284835 0.06655206 0.73787561 0.08793132],[0.55815704 0.04144807 0.39630063 0.00409426],[0. 0. 0. 0.],115.35619980474716,236.71239960949433,247.27678236308105
98,"[1.154467873673828, 0.7175806087194655, 0.025709906562334257]",[7.16430898e-01 2.31363232e-01 2.02721766e-04],[ 0.63317585  0.11867989  0.66596764 -0.00547607],[0.393513   0.0447049  0.55347033 0.00831178],[0. 0. 0. 0.],168.1091084803752,342.2182169607504,352.78259971433715
99,"[1.0359967607719143, 0.7105202656337208, 0.35258081024057425]",[1.31392768e+00 2.69593393e-01 1.00000000e-04],[0.6906295  0.61569667 0.96809583 0.04582687],[4.92098525e-01 1.43054794e-01 3.64846682e-01 5.38046748e-14],[0. 0. 0. 0.],132.56100829540568,271.12201659081137,281.6863993443981
100,"[4.771969639818157, 0.8751614546394734, 0.10430633107556493]",[0.27827207 0.9999     0.10430633],[ 0.79369705 -0.38750006  1.01503205 -0.02337774],[1.000e-04 9.999e-25 9.999e-01 9.999e-29],[0. 0. 0. 0.],171.22428557823042,348.44857115646084,359.0129539100476
101,"[3.1525652387492804, 0.3893233661590065, 0.11530167849463735]",[1.2381054  0.00644283 0.9999    ],[0.18028509 0.10864414 0.15828211 0.00539381],[0.37742971 0.29529514 0.26559162 0.06168352],[0. 0. 0. 0.],165.00198306186707,336.00396612373413,346.5683488773209
102,"[3.08052557284401, 0.39654891627956895, 0.9577480580349574]",[2.49774203e-01 6.83292880e-02 1.00000000e-04],[0.66689955 0.33346127 0.68560707 0.11942458],[0.70641617 0.14961536 0.12344112 0.02052735],[0. 0. 0. 0.],172.93878025887307,351.87756051774613,362.4419432713329
103,"[0.37488451582569293, 0.19468845803493157, 0.6670757677741073]",[1.02544147 0.16228063 0.9999    ],[0.47292207 0.38562432 0.67767089 0.33600746],[0.10046165 0.69840991 0.00209251 0.19903593],[0. 0. 0. 0.],156.24068398980873,318.48136797961746,329.0457507332042
104,"[1.93962726827952, 0.019229436896557178, 0.17102267266419255]",[1.39178419 0.00192006 0.9999    ],[0.07635677 0.00535012 0.01015841 0.03338838],[0.46819187 0.06880758 0.06963494 0.39336562],[0. 0. 0. 0.],150.33189941254082,306.66379882508164,317.2281815786684
105,"[4.079561089691042, 0.21539944354451318, 0.0058119301144204695]",[2.76847908e+00 1.11558103e-02 1.00000000e-04],[0.36579839 0.02880715 0.28509942 0.02545738],[0.59948733 0.03382653 0.34354138 0.02314477],[0. 0. 0. 0.],69.69327715924939,145.38655431849878,155.9509370720855
106,"[0.33304186877190983, 0.48392749873480834, 0.22115519001065856]",[3.35471036e+00 2.59530110e-03 8.29947811e-01],[0.07634477 0.02118602 0.12835633 0.00440848],[0.33239998 0.14652115 0.49164091 0.02943796],[0. 0. 0. 0.],81.04109231960804,168.08218463921608,178.6465673928028
107,"[1.4511035672356394, 0.6083976011688367, 0.025628546120698373]",[1.38375170e+00 3.90166736e-01 4.61007410e-04],[ 0.59492416  0.43785834  1.05856282 -0.14230107],[3.98716962e-01 1.14156995e-03 6.00141468e-01 2.65860553e-14],[0. 0. 0. 0.],120.24010024551318,246.48020049102635,257.0445832446131
108,"[0.3398953822157527, 0.3395359690566555, 0.5643111258518124]",[1.95758826 0.00443058 0.98686264],[0.17190691 0.00755225 0.20199617 0.01676871],[0.45796383 0.02802675 0.47380721 0.04020221],[0. 0. 0. 0.],93.21252960788492,192.42505921576983,202.98944196935656
109,"[1.9643989575951015, 0.29598998430067913, 0.379748008007361]",[1.0371585  0.41790557 0.00467855],[ 0.6291437   0.37027777  0.83098313 -0.07511687],[3.87059369e-02 4.35465804e-10 9.61294063e-01 2.28370128e-21],[0. 0. 0. 0.],140.5484824885568,287.0969649771136,297.66134773070036
110,"[3.7896792995500075, 0.03786595195373728, 0.6367751719829193]",[4.99990000e+00 4.13113882e-04 2.33070185e-01],[0.01253223 0.00323517 0.01587843 0.00356836],[0.3319503  0.14957468 0.35476409 0.16371094],[0. 0. 0. 0.],131.59594565837864,269.1918913167573,279.75627407034403
111,"[4.505115776190163, 0.22373324733038955, 0.6246379657274743]",[3.32864620e+00 2.22921124e-03 8.81116541e-01],[0.09461298 0.00743313 0.06770291 0.01553119],[0.4688542  0.04658451 0.33311811 0.15144317],[0. 0. 0. 0.],91.96244652344198,189.92489304688397,200.4892758004707
112,"[0.8162256608267937, 0.8008724112435721, 0.8418403285395477]",[1.45699144 0.16966733 0.21668097],[0.69518504 0.43187222 0.62084693 0.2032498 ],[0.67263756 0.22354682 0.09240125 0.01141438],[0. 0. 0. 0.],130.07047183334723,266.14094366669445,276.7053264202812
113,"[1.2380741537337594, 0.7838419879722582, 0.2661011886360144]",[0.69596204 0.0916754  0.00511268],[0.56584894 0.26292633 0.62825468 0.22889817],[0.37018578 0.11829576 0.2213965  0.29012196],[0. 0. 0. 0.],169.35986467244987,344.71972934489975,355.2841120984865
114,"[4.398673991539848, 0.4078408387754119, 0.19599097022707987]",[1.65527395 0.13321455 0.1716279 ],[0.87202823 0.20408108 0.85494183 0.08417377],[0.58532724 0.00531313 0.37701476 0.03234487],[0. 0. 0. 0.],97.41986509055717,200.83973018111433,211.40411293470106
115,"[2.8081240504844334, 0.023252161400979736, 0.09059600355753099]",[1.50131342 0.02149226 0.9999    ],[0.43639195 0.05049711 0.57492691 0.06173899],[0.44788684 0.05084086 0.46005942 0.04121288],[0. 0. 0. 0.],127.29482263349298,260.58964526698594,271.1540280205727
116,"[1.59672715309952, 0.6248059882026866, 0.43682428724805555]",[1.50291016 0.12933663 0.42010569],[0.79102674 0.38242095 0.59699544 0.27541217],[0.51025965 0.13738092 0.33477643 0.017583  ],[0. 0. 0. 0.],121.19021526476473,248.38043052952946,258.9448132831162
117,"[2.6773415641903924, 0.7305169295727519, 0.8496698932554108]",[1.39573516e+00 3.49371538e-04 9.99900000e-01],[0.01178648 0.00174975 0.01916034 0.0006107 ],[0.4008227  0.08176217 0.47691173 0.04050341],[0. 0. 0. 0.],147.6458628990204,301.2917257980408,311.8561085516275
118,"[2.8225016720953673, 0.7565661034647609, 0.5056765877036667]",[1.46683782 0.4552015  0.51391982],[0.62411847 0.40161928 0.86552057 0.23327998],[6.94679495e-01 1.55189390e-07 3.05289592e-01 3.07577859e-05],[0. 0. 0. 0.],118.48022628366908,242.96045256733817,253.5248353209249
119,"[0.6618652198637003, 0.8110699027796174, 0.9182082194187128]",[1.1355806  0.04363014 0.86966379],[0.41237336 0.32607631 0.64793783 0.20509304],[0.32385913 0.05360191 0.57298439 0.04955457],[0. 0. 0. 0.],164.34707569814063,334.69415139628126,345.258534149868
120,"[1.6871836368534785, 0.4939201429638134, 0.4018708706306212]",[1.24829493e+00 1.24163010e-01 1.00000000e-04],[0.61210644 0.25164143 0.65222073 0.27838265],[0.40228214 0.02948491 0.43083963 0.13739331],[0. 0. 0. 0.],143.7144465087029,293.4288930174058,303.99327577099257
121,"[2.043542750373332, 0.1200128286597481, 0.8891043885721138]",[1.4209378  0.00293533 0.9999    ],[0.02634314 0.06185765 0.10905833 0.01189132],[0.11021068 0.3605781  0.43429826 0.09491296],[0. 0. 0. 0.],157.90643909574493,321.81287819148986,332.3772609450766
122,"[3.345435600622799, 0.28613174278999576, 0.04150322735651618]",[1.55802403 0.0072261  0.9999    ],[0.20024249 0.08996107 0.06405082 0.04379782],[0.35930536 0.31173094 0.12382408 0.20513962],[0. 0. 0. 0.],160.81710863222236,327.6342172644447,338.19860001803147
123,"[0.593241707491056, 0.2547247863620466, 0.8903579307209986]",[0.9181342  0.03507254 0.8711345 ],[0.55483214 0.21903567 0.43285429 0.17111014],[0.4310782  0.20769437 0.2042988  0.15692863],[0. 0. 0. 0.],168.28613151486394,342.5722630297279,353.13664578331463
124,"[0.16071575549599776, 0.7269636479614688, 0.8497960743989278]",[4.51539768e+00 4.20102895e-04 9.86712022e-01],[1.82538808e-02 1.27490883e-03 2.17121551e-02 7.27986540e-05],[0.43290894 0.04948635 0.50362184 0.01398287],[0. 0. 0. 0.],49.93975035124874,105.87950070249748,116.44388345608422
125,"[4.9784324483509375, 0.1342946133174626, 0.47985938580524606]",[1.19529037 0.12943187 0.98012346],[0.58713587 0.35350869 0.75767387 0.21734979],[0.27645559 0.44004256 0.17474823 0.10875362],[0. 0. 0. 0.],152.22057199542985,310.4411439908597,321.00552674444646
126,"[3.3894083222406417, 0.044390104792584435, 0.44721247956626886]",[4.99990000e+00 6.12489013e-04 6.16334326e-01],[0.0241287  0.00144559 0.02934444 0.00197553],[0.43464506 0.06198736 0.44824925 0.05511833],[0. 0. 0. 0.],78.02478762138496,162.04957524276992,172.61395799635665
127,"[0.05565389781818309, 0.8942754985356155, 0.9546139530844573]",[4.49133897e+00 1.00000000e-04 9.81059556e-01],[0.00558753 0.00015833 0.0036385  0.        ],[0.6243843  0.0353045  0.33326934 0.00704185],[0. 0. 0. 0.],81.89512913211773,169.79025826423546,180.3546410178222
128,"[0.4031015778839301, 0.646110473404715, 0.26608181189387825]",[1.33396558 0.04326888 0.99128879],[0.67443056 0.09498683 0.57044736 0.14177884],[0.65153582 0.02039623 0.25701495 0.071053  ],[0. 0. 0. 0.],132.4231698635237,270.8463397270474,281.41072248063415
129,"[3.188652889290053, 0.8807218918781076, 0.7548655996355798]",[4.99990000e+00 3.70386319e-04 1.00000000e-04],[0.01541013 0.0011116  0.01804505 0.00063245],[0.43026626 0.06975567 0.44460085 0.05537722],[0. 0. 0. 0.],100.79691269608072,207.59382539216145,218.15820814574818
130,"[3.8891774656803917, 0.6653735929686213, 0.4014713813837179]",[1.48785693e-01 9.96620439e-01 1.00000000e-04],[ 1.32913624 -0.38499452  0.91613019  0.63347128],[3.37956042e-03 2.94896459e-30 9.96620440e-01 2.94896459e-30],[0. 0. 0. 0.],172.79120313973593,351.58240627947185,362.1467890330586
131,"[1.5057070912978576, 0.5647075989955205, 0.18977669069328995]",[2.32764193 0.08945897 0.9999    ],[ 0.77771888  0.0480232   0.82412448 -0.02415105],[6.14901632e-01 3.33475719e-07 3.85097804e-01 2.30418515e-07],[0. 0. 0. 0.],35.63431532378798,77.26863064757596,87.8330134011627
132,"[3.4033766361668585, 0.8323213435473322, 0.6312257987691311]",[5.18127207e-01 2.25029863e-01 1.96054655e-04],[0.66866429 0.07122506 0.77642077 0.31835675],[0.45107197 0.02046754 0.22177378 0.30668671],[0. 0. 0. 0.],170.7458478493257,347.4916956986514,358.0560784522382
133,"[3.78104980725232, 0.47785279560380256, 0.8498698684383528]",[1.78146236e+00 5.10493189e-02 1.00000000e-04],[0.78570468 0.26443203 0.65643654 0.06374662],[0.63701486 0.00653373 0.35157997 0.00487144],[0. 0. 0. 0.],96.01617755847147,198.03235511694294,208.59673787052967
134,"[0.9289522743470765, 0.09519915586238617, 0.8691716042995766]",[0.18855493 0.23623454 0.9985508 ],[0.61519603 0.36742432 0.81987444 0.09404531],[0.06651053 0.3536116  0.51068781 0.06919006],[0. 0. 0. 0.],173.12096974129935,352.2419394825987,362.80632223618545
135,"[4.481796914254433, 0.7049711062677322, 0.5635338312257884]",[1.86087975 0.09284243 0.22033241],[0.67820007 0.10981    0.72726769 0.1422714 ],[5.88196409e-01 4.87697248e-03 4.06587890e-01 3.38729422e-04],[0. 0. 0. 0.],75.81157548526686,157.62315097053371,168.18753372412044
136,"[0.317214947780804, 0.2412895967518488, 0.7521174056121189]",[6.76340776e-01 2.29994436e-01 1.00000000e-04],[0.44825963 0.30473751 0.79574475 0.14304313],[0.06380872 0.51577902 0.28568531 0.13472695],[0. 0. 0. 0.],168.27257697328713,342.54515394657426,353.109536700161
137,"[0.47374402591274545, 0.9062080043517451, 0.8958023135744471]",[1.87069902e+00 9.39039523e-03 1.00000000e-04],[0.25285868 0.08289224 0.14903699 0.04227813],[0.44724365 0.22458771 0.20480377 0.12336487],[0. 0. 0. 0.],158.05310660887264,322.1062132177453,332.67059597133203
138,"[4.584851949006921, 0.47651355690430197, 0.40342999564655263]",[1.95960367e+00 6.15601403e-02 3.98894076e-04],[0.62602969 0.24875173 0.84749321 0.02474412],[4.31111402e-01 7.85090591e-03 5.60996320e-01 4.13726362e-05],[0. 0. 0. 0.],72.69730509248085,151.3946101849617,161.95899293854842
139,"[3.871299405954512, 0.15258658618458437, 0.5530403430236497]",[2.17487123e+00 1.76965472e-02 1.00000000e-04],[0.39278548 0.03278651 0.53123123 0.03263672],[0.42268671 0.03601    0.52522466 0.01607862],[0. 0. 0. 0.],88.30124659988255,182.6024931997651,193.16687595335182
140,"[2.9230688677407026, 0.08610483005880154, 0.4985531430206311]",[7.48374615e-01 4.49706384e-02 1.00000000e-04],[0.61277269 0.34733768 0.54065983 0.12808797],[0.50307163 0.22406946 0.23870943 0.03414948],[0. 0. 0. 0.],170.34602407483024,346.6920481496605,357.25643090324724
141,"[2.825910654527339, 0.6230680489647074, 0.18346179461622636]",[1.58426375 0.16418981 0.89085857],[0.43781511 0.53156984 0.60645634 0.02885727],[0.29187129 0.00432898 0.666635   0.03716472],[0. 0. 0. 0.],103.71213454775314,213.42426909550628,223.988651849093
142,"[2.9895265901797354, 0.8600105265142971, 0.5712711009715115]",[1.18742962 0.11736152 0.9999    ],[0.53672284 0.35568834 0.9277701  0.01904587],[3.51813020e-01 1.55380544e-04 6.47939215e-01 9.23840900e-05],[0. 0. 0. 0.],144.0884445545524,294.1768891091048,304.7412718626916
143,"[2.8854656297724346, 0.6151230292650822, 0.5176448956430139]",[1.03193189 0.33920976 0.15203704],[0.62317718 0.1305302  0.49120956 0.24809359],[0.05593471 0.7081298  0.21020843 0.02572706],[0. 0. 0. 0.],151.17893950992817,308.35787901985634,318.9222617734431
144,"[1.4474345400829969, 0.7669963580380701, 0.002075136028464128]",[1.43535035 0.09460156 0.79694032],[ 0.63829658  0.19153997  0.94807481 -0.01027541],[5.11457942e-01 2.20460957e-06 4.88538875e-01 9.78788439e-07],[0. 0. 0. 0.],118.09344815487796,242.18689630975592,252.75127906334265
145,"[0.37806045895925255, 0.534296927630278, 0.32518859177413195]",[0.46225543 0.78926701 0.33910317],[0.31800338 0.80861155 0.65678746 0.16473104],[9.49075416e-01 4.20465203e-02 8.87806335e-03 3.01799176e-12],[0. 0. 0. 0.],167.17946454520927,340.35892909041854,350.9233118440053
146,"[0.11241914312247703, 0.46314935493143355, 0.019826318027730123]",[1.65870640e+00 4.04133965e-02 1.00000000e-04],[0.55136746 0.26227889 0.62395236 0.03394393],[0.44172168 0.1674965  0.38611794 0.00466389],[0. 0. 0. 0.],114.55549670205048,235.11099340410095,245.67537615768768
147,"[2.583787330236196, 0.6196301860348925, 0.5146712490996164]",[1.22525761 0.09620702 0.80572358],[0.61681081 0.2696517  0.68271117 0.34133507],[8.79559240e-01 1.35012316e-05 2.32536820e-04 1.20194722e-01],[0. 0. 0. 0.],131.19952218083054,268.3990443616611,278.96342711524784
148,"[2.5042883157600166, 0.7734915140677242, 0.8282225565524542]",[1.22548677 0.17442135 0.00169825],[0.48331144 0.48670523 0.75869463 0.28403965],[0.11513219 0.05511595 0.54884985 0.28090201],[0. 0. 0. 0.],158.25903499452733,322.51806998905465,333.0824527426414
149,"[1.6800536027350501, 0.5763126106957617, 0.09545755053233079]",[3.88413744e+00 1.00000000e-04 9.56387659e-01],[0.00449906 0.00150763 0.00128332 0.00056955],[0.49601292 0.19282019 0.14087321 0.17029367],[0. 0. 0. 0.],154.13862633550914,314.2772526710183,324.84163542460504
150,"[4.757315836758125, 0.7373837618665628, 0.3182443962501482]",[1.30766024 0.05323876 0.71936706],[0.46879176 0.42401983 0.63615023 0.22136001],[0.24240202 0.34644929 0.38573319 0.0254155 ],[0. 0. 0. 0.],159.51793909893865,325.0358781978773,335.60026095146407
151,"[4.445752628051147, 0.022148168106976507, 0.13073983473911646]",[0.24657965 0.00865039 0.9999    ],[0.19118099 0.09270505 0.21417454 0.06090729],[0.34902591 0.15861835 0.27920066 0.21315508],[0. 0. 0. 0.],173.26138075388621,352.52276150777243,363.0871442613592
152,"[1.8364045372765236, 0.7091317238557521, 0.20670316296079327]",[5.17127764e-01 2.13104547e-01 1.00000000e-04],[0.70959799 0.22414236 0.77232678 0.36143424],[0.81981078 0.11991426 0.04635704 0.01391792],[0. 0. 0. 0.],169.8250922245635,345.650184449127,356.21456720271374
153,"[1.1647456543642953, 0.7790914530905139, 0.6431194942430299]",[1.61421395 0.23135487 0.9999    ],[0.32195387 0.48137319 0.78437368 0.16664317],[2.68237630e-01 6.59260764e-04 7.31103109e-01 2.07121395e-10],[0. 0. 0. 0.],102.1650188750558,210.3300377501116,220.8944205036983
154,"[2.3970602779939605, 0.3529451030585584, 0.9097538111592752]",[1.55005925 0.14767638 0.9999    ],[0.41763656 0.43438911 0.82726957 0.11463207],[1.41360812e-04 3.73131857e-01 6.26723937e-01 2.84539122e-06],[0. 0. 0. 0.],112.86494191601633,231.72988383203267,242.2942665856194
155,"[4.335485579528944, 0.6499585291363835, 0.7626654539921214]",[1.5120031  0.68971364 0.00335004],[0.84114765 0.24145099 0.63670282 0.01223012],[9.54481964e-02 2.22423945e-32 9.04551804e-01 9.65472460e-23],[0. 0. 0. 0.],99.2036312038885,204.407262407777,214.97164516136374
156,"[0.9548756632609966, 0.6694588803381102, 0.9669205941680258]",[1.34524897 0.00581229 0.9999    ],[0.00400599 0.15897223 0.00497748 0.07475128],[0.01227671 0.65598323 0.01239287 0.31934718],[0. 0. 0. 0.],123.17352388987291,252.34704777974582,262.9114305333326
157,"[4.896248057301003, 0.5395187937920867, 0.9164219614649729]",[7.76613028e-01 3.47639199e-01 1.00000000e-04],[0.92863359 0.12525612 0.93110189 0.29272054],[6.69280581e-01 2.41671182e-12 3.30719419e-01 1.86182109e-13],[0. 0. 0. 0.],162.23458965356852,330.46917930713704,341.0335620607238
158,"[2.871930482450081, 0.686686970010304, 0.26703568134097033]",[1.71416205 0.01479506 0.9999    ],[0.18933534 0.1564352  0.26251349 0.12602754],[0.14465121 0.32618418 0.24566684 0.28349777],[0. 0. 0. 0.],160.65768955645507,327.31537911291014,337.8797618664969
159,"[1.7529934689709785, 0.5157808599553223, 0.007113750741826591]",[1.63795092 0.0787991  0.9999    ],[0.73054864 0.39361666 0.74637513 0.19819401],[0.76406774 0.01114758 0.03273344 0.19205125],[0. 0. 0. 0.],109.99242682510055,225.9848536502011,236.54923640378783
160,"[3.2880314410946414, 0.5658473762985712, 0.7843467191087438]",[1.51091568e+00 6.93520885e-02 1.00000000e-04],[0.76347312 0.25168413 0.78028991 0.14801033],[0.42143685 0.01173227 0.56058775 0.00624314],[0. 0. 0. 0.],111.37923524565466,228.7584704913093,239.32285324489604
161,"[1.8954555293897273, 0.17427321409855895, 0.013085986104607194]",[0.27250371 0.92047138 0.9999    ],[ 0.10672298 -0.08640212  0.53115712  0.46041132],[1.17566802e-10 9.20904507e-01 5.82859006e-03 7.32669032e-02],[0. 0. 0. 0.],171.52282280367731,349.04564560735463,359.6100283609414
162,"[0.7333724560562798, 0.4873852406862731, 0.6932960144668266]",[1.45991231 0.108604   0.09937277],[ 0.62929408  0.51960924  0.52490659 -0.0638887 ],[5.74362823e-02 2.98828357e-01 6.43719862e-01 1.54983757e-05],[0. 0. 0. 0.],138.74990097709843,283.49980195419687,294.0641847077836
163,"[4.724085675496121, 0.3702925767929161, 0.7811834447842602]",[4.84587417e+00 3.73302918e-04 8.32292950e-01],[0.01113863 0.00422994 0.01211311 0.00314359],[0.34738133 0.15599119 0.33405239 0.16257508],[0. 0. 0. 0.],141.31517667716562,288.63035335433125,299.194736107918
164,"[1.2457313902385263, 0.9188933688317094, 0.4194622485301428]",[1.55178093 0.1549894  0.9999    ],[0.50540581 0.20080264 0.87314961 0.31571593],[5.43822354e-01 4.81587293e-05 3.26964690e-01 1.29164798e-01],[0. 0. 0. 0.],118.96684411760594,243.9336882352119,254.49807098879862
165,"[3.0778852765289297, 0.9572047141727241, 0.3643723246600255]",[1.8239822  0.28786602 0.00417682],[0.83906128 0.26141258 0.12089453 0.11672932],[9.81563913e-01 1.01354647e-20 1.16666352e-20 1.84360870e-02],[0. 0. 0. 0.],70.40193154662393,146.80386309324786,157.36824584683458
166,"[1.760325332678915, 0.5160254756677896, 0.3941460239570213]",[1.84310183 0.11604372 0.9999    ],[0.53226126 0.07895567 0.78683494 0.15883258],[5.64685607e-01 4.15198281e-04 4.34882386e-01 1.68085302e-05],[0. 0. 0. 0.],78.3888470361231,162.7776940722462,173.34207682583292
167,"[2.0069480882557693, 0.298676601136702, 0.9171909474140191]",[3.78395314e+00 5.08245671e-04 9.55201825e-01],[0.022082   0.00737145 0.01339729 0.00146404],[0.47809901 0.18907378 0.26890372 0.06392349],[0. 0. 0. 0.],117.7570322837232,241.5140645674464,252.07844732103314
168,"[3.552064785971003, 0.41495172498562244, 0.7636187382207006]",[4.77490138e+00 1.00000000e-04 9.78960012e-01],[0.0040557  0.00097428 0.00205738 0.00098835],[0.47774447 0.16199388 0.18333096 0.17693069],[0. 0. 0. 0.],143.27973568268328,292.55947136536656,303.1238541189533
169,"[4.3926492586925505, 0.26760171838484026, 0.7885164374531636]",[1.60462611e+00 5.55806133e-02 1.00000000e-04],[0.63254724 0.00496792 0.79568934 0.04245641],[6.29135647e-01 5.35612270e-05 3.70771613e-01 3.91789395e-05],[0. 0. 0. 0.],98.51684869508321,203.03369739016642,213.59808014375315
170,"[4.764093667139008, 0.46675171457791903, 0.07438338377034177]",[4.10998007e+00 1.00000000e-04 9.80269220e-01],[0.         0.00244277 0.00076617 0.00178449],[0.0079431  0.49614066 0.09557754 0.4003387 ],[0. 0. 0. 0.],82.84556502032147,171.69113004064295,182.25551279422967
171,"[2.281145019970806, 0.1303996826346121, 0.2461822344907044]",[1.17237817 0.18355705 0.34393969],[0.46308931 0.37854564 0.88126386 0.12938739],[4.96674075e-01 1.80488806e-01 3.22837076e-01 4.25182641e-08],[0. 0. 0. 0.],143.98752645882473,293.97505291764946,304.5394356712362
172,"[2.6654018952135634, 0.8502684443377363, 0.3371348606883337]",[4.07151942e+00 1.09323683e-03 6.06971950e-01],[0.02235543 0.01731681 0.0416636  0.00656566],[0.2285632  0.28290362 0.34481413 0.14371904],[0. 0. 0. 0.],131.96083991118567,269.92167982237135,280.4860625759581
173,"[0.3714717267693297, 0.25941290458585325, 0.588576497736372]",[1.14984483 0.00166776 0.9999    ],[0.08386163 0.00669138 0.02875456 0.01176597],[0.55454579 0.10348232 0.17668994 0.16528196],[0. 0. 0. 0.],158.11744091074965,322.2348818214993,332.79926457508606
174,"[1.8024831822184852, 0.2754311826723128, 0.4532029564806167]",[4.99990000e+00 1.63580188e-04 1.00000000e-04],[0.00426525 0.00274789 0.00387866 0.0018809 ],[0.29005859 0.22889719 0.25185883 0.2291854 ],[0. 0. 0. 0.],170.50318439489808,347.00636878979617,357.5707515433829
175,"[0.4018095610033193, 0.3674841189437657, 0.7535697257192621]",[3.99113948e-01 8.91002705e-01 1.00000000e-04],[ 1.00797907  0.84695888  0.72408544 -0.03753792],[1.51203970e-06 9.01714091e-01 9.82843970e-02 3.28376940e-15],[0. 0. 0. 0.],169.81799893564812,345.63599787129624,356.200380624883
176,"[0.2562349467860443, 0.14704611144867435, 0.43097806067522876]",[4.99990000e+00 2.24945959e-04 1.00000000e-04],[0.00666191 0.00294472 0.00632096 0.00182543],[0.32461758 0.18952102 0.28950939 0.19635201],[0. 0. 0. 0.],163.7225432027981,333.4450864055962,344.00946915918297
177,"[2.556396985506197, 0.5815145231801662, 0.6092060368429772]",[4.99990000e+00 3.02171117e-04 9.56664243e-01],[0.01046162 0.00248694 0.01125225 0.00120892],[0.35825409 0.14523941 0.37346331 0.12304319],[0. 0. 0. 0.],111.0554121232295,228.110824246459,238.67520700004573
178,"[4.543537008608351, 0.12775626062462056, 0.6375968605482706]",[6.85431512e-01 6.53006039e-02 3.51304228e-04],[0.67009418 0.35351462 0.65916394 0.19614972],[0.43810126 0.25823362 0.147197   0.15646813],[0. 0. 0. 0.],169.25641254492527,344.51282508985054,355.0772078434373
179,"[0.9211948799496131, 0.8900629861562265, 0.6927773406613887]",[1.27288654 0.20535719 0.00156345],[0.49815982 0.55805127 0.74999022 0.21589959],[0.33438878 0.01727053 0.64506519 0.0032755 ],[0. 0. 0. 0.],133.40254842692013,272.80509685384027,283.369479607427
180,"[4.489132393985924, 0.280904907743661, 0.07308019034679648]",[1.2942089  0.61996458 0.9999    ],[0.94255182 0.36357817 1.15315544 0.49804543],[0.35943193 0.00186822 0.62084851 0.01785134],[0. 0. 0. 0.],129.66335916390486,265.3267183278097,275.89110108139647
181,"[0.14842540154057124, 0.1280998314478437, 0.12297507383670611]",[1.77275474 0.31620952 0.9999    ],[0.74202917 0.33842485 0.92506039 0.07349699],[1.09687512e-06 4.79845891e-01 5.20151057e-01 1.95454412e-06],[0. 0. 0. 0.],92.40638016442286,190.8127603288457,201.37714308243244
182,"[0.8363546181524354, 0.16519078104294785, 0.578041114876018]",[1.23134849 0.05254571 0.33789829],[0.51335865 0.25585185 0.6891553  0.24943512],[0.356448   0.14006656 0.42756628 0.07591917],[0. 0. 0. 0.],153.92138312165483,313.84276624330965,324.4071489968964
183,"[3.4053311165236493, 0.1004123346166409, 0.6476104728542101]",[1.60475295 0.07080083 0.9999    ],[0.86588817 0.39039899 0.73703708 0.11808185],[0.61551635 0.01870068 0.35766255 0.00812042],[0. 0. 0. 0.],130.71544729174647,267.43089458349294,277.9952773370797
184,"[3.38838311820794, 0.17407779655384478, 0.7794381823631805]",[6.87968334e-01 1.13412122e-01 1.00000000e-04],[0.68053608 0.33642004 0.87345057 0.20208856],[0.41760358 0.27806116 0.29409647 0.01023878],[0. 0. 0. 0.],168.4963071115535,342.992614223107,353.55699697669377
185,"[3.2399785183733094, 0.568122161843929, 0.20636705156167565]",[1.92230356 0.16972878 0.87479416],[0.72268466 0.0806108  0.76339928 0.09377426],[3.76923816e-01 6.05465625e-10 6.23076183e-01 4.03302997e-10],[0. 0. 0. 0.],71.02110146104405,148.0422029220881,158.60658567567484
186,"[3.356578718808072, 0.20798153239416708, 0.9469885777215976]",[1.13076792e+00 3.02084613e-02 1.00000000e-04],[0.48936041 0.22944576 0.56752155 0.22878811],[0.36148711 0.15638945 0.32600324 0.1561202 ],[0. 0. 0. 0.],165.76886436946143,337.53772873892285,348.1021114925096
187,"[1.0863151023281494, 0.9950854597705954, 0.1386526289905316]",[2.08563465 0.01989982 0.17908067],[0.46827488 0.12752125 0.35473218 0.08712768],[0.55305872 0.07498464 0.33306848 0.03888816],[0. 0. 0. 0.],115.172661292893,236.345322585786,246.90970533937272
188,"[2.129485815806521, 0.2263312929585986, 0.26904225697143863]",[1.44605004e+00 9.22965550e-02 2.54300571e-04],[ 0.5070103  -0.02208515  0.73731994  0.20291436],[6.52469283e-01 7.00543072e-08 2.57499302e-01 9.00313451e-02],[0. 0. 0. 0.],120.04321759700979,246.08643519401957,256.6508179476063
189,"[0.23751490379401133, 0.6771986871139585, 0.5129059991206433]",[0.18826446 0.91112006 0.5646753 ],[0.08333375 0.38885572 0.63195933 0.01764961],[1.90583963e-15 9.92735914e-01 6.19510936e-05 7.20213488e-03],[0. 0. 0. 0.],172.51757754605808,351.03515509211616,361.5995378457029
190,"[1.0747509394036823, 0.5996415722088553, 0.45665857130828275]",[1.84202031 0.15390277 0.9999    ],[0.62556366 0.36281009 0.67460989 0.04029949],[3.98313636e-01 5.62886326e-02 5.45397731e-01 2.88996735e-10],[0. 0. 0. 0.],89.5143226146178,185.0286452292356,195.59302798282232
191,"[1.1850840134432297, 0.24555856226249928, 0.9150594600841591]",[1.55223994e+00 1.00000000e-04 9.86296451e-01],[0.00162161 0.00181829 0.00306173 0.00082833],[0.20169713 0.29844342 0.32061968 0.17923977],[0. 0. 0. 0.],169.05736826016607,344.11473652033214,354.6791192739189
192,"[0.24918567985046336, 0.339530488878101, 0.26446926368040796]",[1.23161345e+00 4.81982163e-01 1.00000000e-04],[0.36918408 0.38822122 1.03598259 0.24961004],[3.08022260e-03 7.54384031e-01 2.41992112e-01 5.43634005e-04],[0. 0. 0. 0.],127.16317978882569,260.3263595776514,270.89074233123813
193,"[0.8692578601255657, 0.9402752732920199, 0.1580230073383146]",[0.32733303 0.4991644  0.13718702],[0.94471977 0.38932138 0.76397135 0.03355323],[8.70657896e-01 7.40025728e-02 5.53372513e-02 2.28028412e-06],[0. 0. 0. 0.],171.35493051869446,348.7098610373889,359.2742437909757
194,"[4.561152653759023, 0.394127224471954, 0.7712612966987413]",[4.99990000e+00 2.87725390e-04 6.73589748e-01],[0.01043312 0.00193114 0.01164828 0.00135829],[0.36585864 0.13786018 0.38002526 0.11625592],[0. 0. 0. 0.],132.4432444645074,270.8864889290148,281.45087168260153
195,"[1.4529787985944342, 0.40748097770630926, 0.5998134103844083]",[1.13195122 0.33709958 0.47085636],[0.58123433 0.30265559 0.75192573 0.25085054],[8.48983286e-01 7.89412807e-03 1.43122586e-01 3.39273951e-14],[0. 0. 0. 0.],139.43586100746245,284.8717220149249,295.43610476851165
196,"[0.5499575429319025, 0.9394069436425845, 0.4527256219879297]",[0.62174137 0.80006322 0.45299142],[ 0.49821856  0.04983083  0.79491182 -0.03100182],[9.99999899e-01 8.69122329e-29 1.01275528e-07 4.00151059e-32],[0. 0. 0. 0.],160.10046569789725,326.2009313957945,336.76531414938125
197,"[1.029380295133862, 0.9226845648396642, 0.2517770720444876]",[2.98008685e+00 1.00000000e-04 9.86029991e-01],[2.94733275e-03 4.14619694e-04 4.34102902e-03 3.99827516e-05],[0.36397986 0.12095082 0.46977782 0.04529151],[0. 0. 0. 0.],144.95570947927425,295.9114189585485,306.47580171213525
198,"[0.7581610069381459, 0.6431535707199906, 0.7380500782816467]",[1.14573648e+00 2.03642118e-01 1.00000000e-04],[0.87834319 0.39903885 0.72202666 0.27346114],[0.39566753 0.07580811 0.36008639 0.16843797],[0. 0. 0. 0.],150.92301600515802,307.84603201031604,318.4104147639028
199,"[1.5639572876644277, 0.15734935652001628, 0.3856964694723157]",[1.45638613 0.35414    0.20620799],[8.56199849e-01 1.67019860e-01 7.20584271e-01 1.35289282e-04],[5.94701795e-01 1.05243198e-18 4.05298205e-01 6.82276248e-14],[0. 0. 0. 0.],112.70192733535892,231.40385467071783,241.96823742430456
200,"[3.8068625078426037, 0.6655251267631747, 0.638630144454519]",[1.06760537 0.21964418 0.0240161 ],[0.33330052 0.33214038 0.50557165 0.4874931 ],[0.32119536 0.13841776 0.00223538 0.5381515 ],[0. 0. 0. 0.],154.34692963852459,314.69385927704917,325.2582420306359
201,"[1.7934584997407763, 0.4976806701619379, 0.43086748153828164]",[1.43565159 0.02879586 0.9999    ],[0.24065182 0.38038833 0.64215078 0.09826233],[0.02210101 0.44123911 0.52403239 0.01262749],[0. 0. 0. 0.],139.1362600138242,284.2725200276484,294.83690278123515
202,"[3.722858707164063, 0.008733984664912839, 0.027774080518941157]",[4.99990000e+00 1.36977435e-04 9.37383589e-01],[0.00540248 0.00098327 0.00589387 0.00110288],[0.35929602 0.14771895 0.35254665 0.14043838],[0. 0. 0. 0.],147.58336165128992,301.16672330257984,311.7311060561666
203,"[2.448624792621649, 0.5568900947663684, 0.8657910119011709]",[7.84354819e-01 3.09278848e-02 1.00000000e-04],[0.50571539 0.32485903 0.35113102 0.122059  ],[0.39391852 0.25416536 0.23607774 0.11583839],[0. 0. 0. 0.],171.41621052513707,348.83242105027415,359.3968038038609
204,"[1.0227516737283158, 0.52121863596996, 0.7660493116859998]",[4.39204427e+00 3.54641869e-04 9.13324424e-01],[0.01234104 0.00379406 0.0052967  0.00177161],[0.42859727 0.22200245 0.19006056 0.15933971],[0. 0. 0. 0.],149.0070299099819,304.0140598199638,314.57844257355055
205,"[1.2220233209068296, 0.8129080608111444, 0.7009744652827772]",[4.99990000e+00 4.98915821e-04 1.00000000e-04],[0.00941048 0.00897555 0.01406484 0.00469813],[0.19816982 0.31287366 0.27534249 0.21361404],[0. 0. 0. 0.],149.38900003481277,304.77800006962553,315.3423828232123
206,"[1.5053240359653524, 0.00832913280477001, 0.2149230843003308]",[1.14032841 0.10787345 0.00276274],[0.6803936  0.13864219 0.76640133 0.04460556],[6.88327941e-01 1.72929228e-04 3.11494364e-01 4.76605602e-06],[0. 0. 0. 0.],137.84294124147996,281.6858824829599,292.2502652365467
207,"[4.686885526440938, 0.18596179917954694, 0.683583921245128]",[1.41374552e+00 1.82622824e-01 1.00000000e-04],[0.5952358  0.58917432 0.80491657 0.35900476],[0.12103142 0.04485428 0.67168347 0.16243082],[0. 0. 0. 0.],132.96812698964953,271.93625397929907,282.5006367328858
208,"[2.984581212081329, 0.7443673656300391, 0.14406008328065986]",[1.21667923e+00 1.33382566e-01 1.00000000e-04],[0.65160539 0.40128451 0.63802152 0.17259383],[0.69970677 0.0933673  0.1993149  0.00761103],[0. 0. 0. 0.],155.86861126778513,317.73722253557025,328.301605289157
209,"[2.883709565113189, 0.5887795436098691, 0.22072019729266826]",[0.95856067 0.06514604 0.9999    ],[0.61106916 0.2397101  0.60201456 0.2049451 ],[0.32241223 0.06773132 0.38435316 0.22550328],[0. 0. 0. 0.],167.82396936311702,341.64793872623403,352.2123214798208
210,"[1.0292321177685317, 0.6152720077600133, 0.6988706168596301]",[1.32302788 0.04302278 0.9999    ],[0.59769376 0.18579619 0.59272819 0.08686073],[0.54194013 0.05953433 0.33000545 0.06852009],[0. 0. 0. 0.],156.05667903624553,318.11335807249105,328.6777408260778
211,"[0.9877439704684561, 0.7635518156230573, 0.9512503267844711]",[1.61696433 0.00688664 0.9999    ],[0.11398942 0.07796556 0.13562851 0.06594489],[0.22491365 0.2758902  0.21807565 0.28112049],[0. 0. 0. 0.],170.6211796884906,347.2423593769812,357.80674213056795
212,"[3.861094513799802, 0.29814183581671233, 0.9766109214641796]",[2.30791885 0.01456853 0.0466425 ],[0.49118977 0.02954072 0.37029955 0.04260689],[0.65819685 0.02425597 0.28383796 0.03370923],[0. 0. 0. 0.],80.4529237383362,166.9058474766724,177.47023023025912
213,"[2.529230226554686, 0.5240308542669038, 0.6754371414581922]",[4.73331608e+00 4.06159070e-04 6.98532833e-01],[0.01160923 0.00345161 0.01643501 0.00353228],[0.32867027 0.16383837 0.36657814 0.14091322],[0. 0. 0. 0.],135.63611548039205,277.2722309607841,287.83661371437086
214,"[1.1555233733579102, 0.834426149742597, 0.7928040808176032]",[1.10637552e+00 3.91968965e-01 1.00000000e-04],[0.20657864 0.64165775 0.41226016 0.2661667 ],[4.98416079e-05 8.33151936e-02 9.16634965e-01 7.81954116e-15],[0. 0. 0. 0.],139.581710863451,285.163421726902,295.72780448048877
215,"[2.8379695201758484, 0.3380918496416418, 0.8739270347001412]",[8.96594145e-01 2.16973288e-01 1.00000000e-04],[0.45025384 0.20496671 0.74107123 0.33526153],[0.10929656 0.07372537 0.8040732  0.01290487],[0. 0. 0. 0.],161.26864810484895,328.5372962096979,339.10167896328466
216,"[0.24689912714459286, 0.122387836933776, 0.267856744810348]",[1.45896429 0.04663079 0.48765163],[ 0.56368083  0.01630485  0.61759381 -0.01828079],[6.54962685e-01 1.03486770e-04 3.44832927e-01 1.00901400e-04],[0. 0. 0. 0.],114.98372965585679,235.96745931171358,246.5318420653003
217,"[3.8682718712584743, 0.6228368885089868, 0.5476202575006596]",[4.14701284e+00 1.51050221e-04 8.36397026e-01],[0.00356351 0.00234299 0.00477867 0.00123291],[0.25005087 0.25720973 0.29412864 0.19861075],[0. 0. 0. 0.],170.33912431635227,346.67824863270454,357.2426313862913
218,"[3.130852856556587, 0.6503357793826335, 0.6118342197361817]",[1.21716823 0.19034041 0.65298527],[0.85014891 0.38662269 0.61549183 0.29948322],[0.45777492 0.05086274 0.26409515 0.22726719],[0. 0. 0. 0.],152.32201892446332,310.64403784892664,321.2084206025134
219,"[0.8388775565363319, 0.14528500051827437, 0.9157561427572096]",[1.36125904 0.15562198 0.9999    ],[0.52114296 0.34096511 0.56458441 0.04973535],[2.60474483e-01 1.28536829e-01 6.10988687e-01 1.25167098e-09],[0. 0. 0. 0.],133.83756358573413,273.67512717146826,284.239509925055
220,"[2.97678968290607, 0.29081939787415706, 0.7078383166188914]",[1.21726255 0.06600905 0.9999    ],[0.50353496 0.37903324 0.69660931 0.09041075],[0.49554226 0.2924684  0.13408627 0.07790307],[0. 0. 0. 0.],145.06560153035792,296.13120306071585,306.6955858143026
221,"[4.238092703570777, 0.17414649225940282, 0.1271381213836965]",[1.71802537 0.07196441 0.88707452],[0.67602309 0.11163219 0.85966368 0.15181188],[6.96248358e-01 6.15305323e-04 2.37666623e-01 6.54697135e-02],[0. 0. 0. 0.],86.37786915144136,178.75573830288272,189.32012105646945
222,"[2.949921416371007, 0.07901451842656482, 0.27949004938362254]",[2.84904208e+00 5.70343861e-03 1.00000000e-04],[0.24426515 0.03069337 0.17319078 0.01408029],[0.55578239 0.08685724 0.3194349  0.03792547],[0. 0. 0. 0.],97.1244067986062,200.2488135972124,210.81319635079913
223,"[2.9627807623505706, 0.5271294633006052, 0.9278495413738176]",[1.13620033 0.06851208 0.45248023],[0.64011335 0.30515923 0.48879527 0.18865705],[0.72157954 0.06239898 0.09923969 0.1167818 ],[0. 0. 0. 0.],157.08132111993365,320.1626422398673,330.72702499345405
224,"[4.016667671639061, 0.6688083503699676, 0.18349066552265667]",[2.18813225e+00 1.63839580e-04 9.83666420e-01],[0.00690746 0.00126064 0.00417089 0.00060302],[0.49213744 0.18192397 0.25048985 0.07544875],[0. 0. 0. 0.],146.4778632581463,298.9557265162926,309.52010926987936
225,"[2.399751429740244, 0.9068932929173976, 0.1016669085106624]",[1.07484552e+00 1.01969027e-01 1.00000000e-04],[0.66951413 0.38563054 0.7777473  0.33637815],[0.37262065 0.21688634 0.2557832  0.15470981],[0. 0. 0. 0.],164.07837735556447,334.15675471112894,344.7211374647157
226,"[4.198673755304962, 0.2864163132944403, 0.05932120378845074]",[1.33015666 0.01533653 0.9999    ],[0.40717901 0.0106538  0.39163349 0.03420285],[0.49701307 0.04167252 0.42366878 0.03764562],[0. 0. 0. 0.],143.68617240031574,293.3723448006315,303.93672755421824
227,"[1.453947684563328, 0.8774577699332364, 0.8650245426948993]",[1.43818082 0.19560591 0.9999    ],[0.41058843 0.39650521 0.46149474 0.06990784],[5.40502133e-02 2.83638443e-01 6.62309944e-01 1.39965504e-06],[0. 0. 0. 0.],121.52479129368712,249.04958258737423,259.613965340961
228,"[3.7328905176407283, 0.08052489718673408, 0.023779854340428206]",[1.03912034 0.04299452 0.9999    ],[0.56533201 0.42262937 0.61553252 0.16337237],[0.25035882 0.38618433 0.28177229 0.08168455],[0. 0. 0. 0.],170.30499060639076,346.6099812127815,357.1743639663683
229,"[4.285346775671781, 0.3356934570969899, 0.7840740785953506]",[1.62206386 0.34453219 0.02167051],[ 0.14635111  0.63219102  1.05498134 -0.14211856],[9.04539989e-05 9.36852555e-01 6.30569908e-02 1.66931669e-28],[0. 0. 0. 0.],101.64894248350608,209.29788496701215,219.86226772059888
230,"[1.9161560429137572, 0.9686877822325837, 0.16254284719215553]",[1.83384967e+00 6.08606726e-01 1.00000000e-04],[0.42611481 0.19886953 0.49311184 0.09552715],[7.23972530e-01 4.36616366e-26 2.76027470e-01 6.38391982e-12],[0. 0. 0. 0.],97.07135974182923,200.14271948365845,210.70710223724518
231,"[1.092505949025278, 0.7626836239604846, 0.729508531557275]",[1.39842379e+00 1.21823442e-01 1.00000000e-04],[0.75135269 0.20226728 0.69536374 0.21526368],[0.70659807 0.01480596 0.25512968 0.02346629],[0. 0. 0. 0.],141.88898162161274,289.7779632432255,300.34234599681224
232,"[1.1808759462363696, 0.6213732381423512, 0.9427615544837618]",[1.53475299 0.05468898 0.7758036 ],[0.55638616 0.30587447 0.46150351 0.23310191],[0.58911943 0.05155121 0.20009954 0.15922982],[0. 0. 0. 0.],138.672236115589,283.344472231178,293.90885498476473
233,"[4.398560978381296, 0.06292813672145028, 0.31572354872374053]",[2.24521605 0.31625186 0.9996665 ],[ 0.25316354  0.56703772  0.68501883 -0.24043411],[3.45429401e-02 3.48142812e-01 6.17314248e-01 8.48060034e-26],[0. 0. 0. 0.],43.59875558729143,93.19751117458286,103.7618939281696
234,"[1.0774090846361815, 0.4230354514909868, 0.6863522288007341]",[1.17120865 0.27050121 0.17557166],[0.52051678 0.29069317 0.91944127 0.69891392],[0.03158785 0.23175885 0.38620631 0.350447  ],[0. 0. 0. 0.],144.35657103697335,294.7131420739467,305.27752482753345
235,"[2.9760720674007586, 0.008665682593085599, 0.4667376718117919]",[3.25350511e+00 1.71793202e-02 1.00000000e-04],[ 0.51575202 -0.00227084  0.38405999  0.04783119],[0.66142305 0.0015432  0.32631109 0.01072266],[0. 0. 0. 0.],28.96660534132749,63.93321068265498,74.49759343624171
236,"[2.3184406081537836, 0.03244309010512032, 0.8436258924537557]",[3.40979682e+00 3.36197743e-04 9.66621494e-01],[0.01063276 0.00324468 0.012725   0.00180301],[0.36424762 0.13608856 0.3635581  0.13610572],[0. 0. 0. 0.],140.11245332262513,286.22490664525026,296.789289398837
237,"[2.195328333055156, 0.04835490390100339, 0.6177325468508802]",[1.39009904e+00 2.96493149e-01 1.00000000e-04],[0.61208567 0.13804825 0.83110114 0.02871934],[5.91720819e-01 5.00627230e-02 3.58216458e-01 3.04748614e-14],[0. 0. 0. 0.],119.30750331818186,244.61500663636372,255.17938938995044
238,"[4.362690710978096, 0.8651895573667272, 0.5126118691520749]",[1.75704280e+00 5.80881772e-04 9.99900000e-01],[3.60463902e-02 1.16704473e-03 1.93943245e-02 9.56595799e-05],[0.61862547 0.03946153 0.32245128 0.01946172],[0. 0. 0. 0.],89.11291548178913,184.22583096357826,194.790213717165
239,"[1.5776414126520875, 0.36887699802607504, 0.9387269769023144]",[1.22728791e+00 1.00803715e-01 1.00000000e-04],[0.69552532 0.49875711 0.79533081 0.24139702],[0.35850779 0.14163224 0.35624338 0.14361659],[0. 0. 0. 0.],150.4369666852063,306.8739333704126,317.43831612399936
240,"[2.964334837133914, 0.1226704044231031, 0.0519009954013832]",[1.10269919 0.05590115 0.9999    ],[0.40757063 0.34729591 0.64599957 0.24226744],[0.02417675 0.56342711 0.05369019 0.35870595],[0. 0. 0. 0.],164.6809581429106,335.3619162858212,345.926299039408
241,"[2.0843796990294248, 0.30957458557574663, 0.01053059875732547]",[1.2205485  0.06614051 0.73358582],[0.6161944  0.16175237 0.5922632  0.13763966],[0.6524817  0.03549934 0.24790851 0.06411045],[0. 0. 0. 0.],142.7727496287299,291.5454992574598,302.1098820110466
242,"[4.47725092634615, 0.9418999252174116, 0.36068341807511956]",[4.99990000e+00 1.37787394e-03 1.00000000e-04],[0.06511608 0.00127896 0.07508766 0.00156939],[0.4785199  0.0185037  0.47179281 0.03118359],[0. 0. 0. 0.],44.223843356636785,94.44768671327357,105.01206946686031
243,"[3.266213861062652, 0.027368893285777997, 0.17016935390016427]",[1.27456813e+00 2.04659100e-01 1.00000000e-04],[ 0.69667025 -0.01815225  0.50805416  0.27766126],[8.57384535e-01 1.66691184e-07 9.78985784e-02 4.47167195e-02],[0. 0. 0. 0.],142.5900120365248,291.1800240730496,301.74440682663635
244,"[3.8410791203958192, 0.8287118330275439, 0.9686915218233884]",[1.28570227 0.10031116 0.50752906],[0.67091595 0.26891842 0.81205054 0.21687326],[0.51288341 0.0725653  0.39730062 0.01725068],[0. 0. 0. 0.],141.61257809349536,289.2251561869907,299.7895389405775
245,"[1.5979974934661598, 0.965419582896931, 0.8176645674466358]",[1.01628865e+00 3.72706629e-01 1.00000000e-04],[0.80507307 0.63823588 0.4437894  0.16570144],[0.5513826  0.02685402 0.41491962 0.00684376],[0. 0. 0. 0.],152.5572263716899,311.1144527433798,321.67883549696654
246,"[2.3992494964426294, 0.19707194818316592, 0.8002264556653569]",[1.81122283 0.16360571 0.9999    ],[0.72262029 0.26341377 0.60787066 0.03031491],[6.33150064e-01 5.78571676e-03 3.61064094e-01 1.24953640e-07],[0. 0. 0. 0.],77.23953645948926,160.47907291897852,171.04345567256524
247,"[4.645504906076804, 0.5388536485549288, 0.5193643192427125]",[1.50377634e+00 6.10215693e-01 8.34112867e-04],[ 0.18364321  0.07687559  1.37866908 -0.16621643],[6.15888141e-01 4.80428818e-07 3.84111378e-01 9.39409268e-11],[0. 0. 0. 0.],94.97334662636212,195.94669325272423,206.51107600631096
