participant_id,best_initial_guess,best_parameters,EV_Gau,EV_Dir,best_nll,AIC,BIC
1,"[3.710416109711637, 0.8809922978960548, 0.018678355720739795, 2.225314803042813]",[1.94704360e+00 9.72796338e-02 1.00000000e-04 3.99990000e+00],[0.45331864 0.35316014 0.52671112 0.17567325],[0.5544355  0.17174166 0.23737182 0.03645102],120.01791302019438,248.03582604038877,262.12166971183774
2,"[3.706277589358883, 0.8539994484939571, 0.3134462598630737, 2.287343486723359]",[1.01730803 0.2422409  0.55136703 3.9999    ],[0.68511738 0.48998864 0.73127463 0.5009263 ],[0.94246584 0.01818694 0.03340605 0.00594117],146.35989491582444,300.7197898316489,314.80563350309785
3,"[3.348462040276386, 0.03280159238797639, 0.4064580576320065, 0.4249938049562594]",[1.29264305e+00 8.99697874e-02 1.00000000e-04 3.99990000e+00],[0.51319694 0.29147369 0.52434094 0.34789004],[0.27337017 0.03699169 0.5106401  0.17899803],162.00673244604752,332.01346489209504,346.099308563544
4,"[4.56665970162291, 0.15577647532221298, 0.40450850963237284, 1.1968384900252262]",[1.45227696e+00 6.63845503e-02 1.00000000e-04 3.99990000e+00],[0.48733289 0.26455039 0.54921881 0.26038903],[0.39609189 0.16356043 0.30950329 0.1308444 ],145.03986947760743,298.07973895521485,312.1655826266638
5,"[0.8752217944737618, 0.8831404985261421, 0.23709337061241956, 0.3205516753077724]",[1.67257115e+00 4.43338357e-02 9.99900000e-01 1.00000000e-04],[0.58480056 0.19511956 0.60763408 0.29883125],[0.48348144 0.01078218 0.50356834 0.00216804],105.9383872383259,219.8767744766518,233.96261814810077
6,"[4.417772555755746, 0.326336623137676, 0.5232867170490977, 1.8718729877829865]",[4.99990000e+00 1.79373030e-04 1.79292788e-01 1.00000000e-04],[0.0054249  0.00105448 0.00531376 0.00137817],[0.41071825 0.0966028  0.36601284 0.1266661 ],139.03385136047507,286.06770272095014,300.1535463923991
7,"[3.8730147400506114, 0.1881496769826353, 0.44392383304430266, 0.6602621928674414]",[1.0044449  0.08002862 0.99148137 3.9999    ],[0.52889955 0.42668084 0.43221815 0.42147217],[0.75233607 0.00384081 0.01620176 0.22762136],159.9467412338014,327.8934824676028,341.97932613905175
8,"[0.5193446174680252, 0.04542713693156633, 0.13415048725458825, 3.533134897884778]",[4.99990000e+00 2.83508285e-04 9.35132246e-01 3.99990000e+00],[0.00623021 0.00676517 0.0027453  0.0036278 ],[0.3125511  0.37465284 0.14056894 0.17222713],164.18171375113718,336.36342750227436,350.44927117372333
9,"[3.189516597270335, 0.32500632466566054, 0.5627308119638885, 3.1956232623654817]",[1.85681157 0.12610086 0.99676973 3.9999    ],[0.49256404 0.14256022 0.55149556 0.0747947 ],[3.88346889e-01 2.87717305e-08 6.11653031e-01 5.11932725e-08],78.89441126656169,165.78882253312338,179.87466620457235
10,"[1.3326702915805613, 0.4183290251346121, 0.7591551271103064, 2.9181333062538393]",[3.76222183e+00 2.96077244e-03 9.41079037e-01 3.99990000e+00],[0.06982392 0.07415269 0.03551098 0.03838161],[0.33121255 0.36060892 0.14232474 0.16585379],130.82473303934248,269.64946607868495,283.7353097501339
11,"[2.3338899582910497, 0.9229639623233044, 0.6815680446088619, 0.04954017044303053]",[3.61062628e+00 1.55122597e-04 4.73419210e-01 1.00000000e-04],[0.00575966 0.0014869  0.00397082 0.00014612],[0.4855966  0.16656359 0.32621726 0.02162255],97.29673160830981,202.59346321661963,216.6793068880686
12,"[1.8540450039313214, 0.43310574532965285, 0.2647180943729074, 0.17822146050464205]",[1.49915979 0.19538754 0.7674481  0.16314595],[0.56502287 0.34566017 0.59492389 0.27046184],[5.51055428e-01 4.35263333e-03 4.44589740e-01 2.19857990e-06],124.96716392547715,257.93432785095433,272.0201715224033
13,"[4.416831781694339, 0.942578519430598, 0.4938732448802015, 0.2006941411986578]",[4.99990000e+00 1.52683828e-04 7.53814165e-01 1.00000000e-04],[8.55258567e-03 2.77413440e-05 4.23743595e-03 1.53640529e-04],[0.66001415 0.01373413 0.30558731 0.0206644 ],39.008173853788335,86.01634770757667,100.10219137902565
14,"[3.305475774614231, 0.1397078820010595, 0.032763428147204655, 3.4566665543044475]",[7.89254370e-01 7.60729804e-02 9.99900000e-01 1.00000000e-04],[0.61564147 0.44932227 0.63886611 0.46479586],[0.20813296 0.25947919 0.28774936 0.24463849],169.48809600009318,346.97619200018636,361.06203567163533
15,"[2.096873906201409, 0.13572696306005766, 0.09731394604080985, 3.484051099567752]",[3.58763151e+00 1.00000000e-04 9.79329327e-01 7.79215503e-01],[0.0043191  0.00084314 0.00313006 0.00018746],[0.52734081 0.12542084 0.32655014 0.02068821],83.62872859945665,175.2574571989133,189.34330087036227
16,"[0.07713131297664245, 0.06234649896134583, 0.7699421775846926, 0.1540200490846172]",[3.84981399e+00 2.18788057e-04 9.99668729e-01 3.99990000e+00],[0.0032623  0.00353507 0.00507204 0.00178138],[0.21559927 0.27651093 0.3462158  0.161674  ],168.36772811464834,344.7354562292967,358.82129990074566
17,"[1.680766499392343, 0.42539265929829273, 0.7039765112933514, 0.8571965588177244]",[3.71227424e+00 1.00000000e-04 1.54710129e-01 1.00000000e-04],[0.00270965 0.00143925 0.00212451 0.00167403],[0.34359638 0.17887063 0.2462594  0.23127359],163.82784741168237,335.65569482336474,349.7415384948137
18,"[2.1241521446767497, 0.3626433853960363, 0.9104519941233926, 1.8609547546840413]",[9.75857258e-01 1.95684523e-01 1.00000000e-04 3.99990000e+00],[0.43403688 0.3867478  0.68700643 0.3383619 ],[0.43396373 0.01392088 0.4611498  0.09096558],164.45324426467485,336.9064885293497,350.99233220079867
19,"[4.165276996356256, 0.5462303691632538, 0.476892720885624, 2.8791342059714697]",[4.99990000e+00 2.52885359e-04 6.71748378e-01 1.00000000e-04],[0.00658305 0.00031945 0.00941203 0.00014343],[0.436195   0.0495901  0.49307446 0.02114044],47.33482915380812,102.66965830761625,116.75550197906523
20,"[3.0730555006566775, 0.9642205566571415, 0.29061493622907836, 2.3114779101842395]",[1.01261559e+00 7.27587320e-02 1.00000000e-04 3.99990000e+00],[0.54863203 0.33297236 0.50997556 0.31137682],[0.45242143 0.02033104 0.40843547 0.11881206],169.24290086818039,346.48580173636077,360.57164540780974
21,"[1.1796242046821737, 0.5276429589985158, 0.7567901936835602, 3.1253467623714575]",[1.51420097 0.08428828 0.97278255 3.9999    ],[0.59060607 0.         0.         0.35573722],[8.19641224e-01 2.06490130e-07 2.06490130e-07 1.80358363e-01],98.24233300523164,204.4846660104633,218.57050968191226
22,"[3.6708595040503367, 0.14850282791993555, 0.22852354359152002, 1.5147563362397463]",[1.26207855 0.11642135 0.95169247 3.42125387],[0.54076626 0.38081463 0.56562534 0.3567817 ],[0.61194255 0.01485344 0.186007   0.18719701],147.661249668783,303.322499337566,317.40834300901497
23,"[1.2724108084250916, 0.030498843621983424, 0.64527559194988, 0.6113767141491596]",[2.19805218e+00 1.13079922e-01 1.00000000e-04 2.26413418e+00],[0.49996162 0.08011399 0.59899332 0.11127117],[4.74669008e-01 7.91489337e-09 4.88201185e-01 3.71297986e-02],53.626357259625166,115.25271451925033,129.3385581906993
24,"[1.420007280188456, 0.39186275172279295, 0.30327222475648813, 2.7053922326523603]",[1.9778203  0.17075669 0.9999     2.37347672],[0.5837005  0.30585758 0.54190477 0.12502477],[6.73284871e-01 3.84651794e-04 3.23536405e-01 2.79407272e-03],64.27650468506911,136.55300937013823,150.6388530415872
25,"[3.596879191571715, 0.44365311709156585, 0.7407546915280365, 0.559044586277777]",[1.08204556 0.57077139 0.9999     0.46270618],[0.43732476 0.6269965  0.47938003 0.29104523],[9.19012587e-01 5.74054050e-03 7.50520306e-02 1.94842257e-04],135.55389247459416,279.10778494918833,293.1936286206373
26,"[2.028968324797395, 0.6157392034831023, 0.1984845351495588, 2.5729509952602365]",[1.26357095e+00 8.24969507e-02 1.00000000e-04 3.99990000e+00],[0.48749833 0.28311636 0.46140198 0.25637704],[0.49942785 0.0577638  0.30106227 0.14174607],163.3189616095644,334.6379232191288,348.7237668905778
27,"[3.993650124408825, 0.005642910000130215, 0.5997626650478761, 3.6169548611592117]",[1.88007867e+00 4.68822826e-02 1.00000000e-04 3.99990000e+00],[0.49691615 0.31026095 0.50395228 0.11219325],[0.53602104 0.11490004 0.34575109 0.00332783],128.77679913391626,265.5535982678325,279.6394419392815
28,"[0.8215317730551767, 0.29692298974121684, 0.97131439594536, 0.2778776844939201]",[1.63906979 0.28125731 0.08153557 3.9999    ],[0.45946839 0.3317918  0.60593442 0.43120018],[6.51584213e-01 6.68453055e-05 1.64121993e-01 1.84226949e-01],114.68223432642992,237.36446865285984,251.4503123243088
29,"[3.9851109901488604, 0.37470694533365384, 0.10638164975565845, 1.8478769627863272]",[0.27410522 0.9999     0.9999     3.9999    ],[0.74973686 0.36797286 0.7365785  0.37397951],[1.0000000e+00 9.9990001e-13 1.0000000e-24 9.9990000e-25],170.49624955751477,348.99249911502955,363.0783427864785
30,"[3.739403877377127, 0.44966215083884625, 0.11225059212002882, 3.389973270427561]",[0.0001     0.0001     0.00010018 0.0001    ],[0.00229588 0.00213227 0.00138551 0.00067502],[0.3148316  0.37818964 0.18116313 0.12581563],172.59364805144656,353.18729610289313,367.2731397743421
31,"[0.36948097663527435, 0.33845691979179804, 0.2998226373762427, 3.8805889977052717]",[2.01168924e+00 9.03535685e-02 1.00000000e-04 3.99990000e+00],[0.45426477 0.21288537 0.45521461 0.06985341],[0.55582263 0.00599259 0.41052642 0.02765836],86.05894890429289,180.11789780858578,194.20374148003475
32,"[3.3022202499540807, 0.7111446584709126, 0.39836474124691607, 3.543336294656739]",[3.14712374e+00 2.12013680e-02 1.00000000e-04 3.53120449e+00],[0.46590608 0.00435902 0.38912648 0.03511444],[0.64470523 0.00322463 0.34661011 0.00546003],36.50980328428002,81.01960656856004,95.10545024000902
33,"[0.3338944456821548, 0.466449497038626, 0.2184818087244723, 0.018358777904862126]",[3.08777924e-01 6.96931969e-01 9.99900000e-01 1.00000000e-04],[0.24315674 0.37844638 0.6263237  0.61672773],[1.98920678e-19 2.49234315e-02 6.38448484e-19 9.75076568e-01],170.44645327594137,348.89290655188273,362.9787502233317
34,"[2.5979744322374714, 0.09167256171995478, 0.595079971659097, 0.9478798155240246]",[1.64465365e+00 1.00000000e-04 9.99900000e-01 1.00000000e-04],[0.         0.00410584 0.00300008 0.        ],[0.00735418 0.62967643 0.35561521 0.00735418],87.82100283904356,183.64200567808712,197.7278493495361
35,"[4.3912095892108365, 0.9600433917764077, 0.6963876915115795, 2.583823445134875]",[5.70497943e-01 9.84665956e-02 1.00000000e-04 3.99990000e+00],[0.52379962 0.35235573 0.48331422 0.34676597],[0.2667024  0.1494184  0.32581174 0.25806746],171.91588907322563,351.83177814645126,365.9176218179002
36,"[1.6040377820790264, 0.8211320365298603, 0.9883821218664115, 0.3036030105507865]",[8.38504062e-01 2.63285994e-01 1.00000000e-04 2.55642889e+00],[0.65620667 0.31176791 0.64856978 0.3253022 ],[0.33156904 0.0189988  0.56405415 0.08537801],165.1277273142713,338.2554546285426,352.3412982999916
37,"[0.042881304598885166, 0.6211128294550794, 0.6336694810480379, 1.6495142174332122]",[1.71473438 0.04823116 0.9999     1.4039837 ],[0.37998239 0.47858917 0.15929419 0.47407202],[0.02216306 0.59189868 0.00457247 0.38136578],115.5050284526073,239.0100569052146,253.0959005766636
38,"[0.15974136211909312, 0.8984172718571017, 0.46524631043312753, 3.654965641576828]",[1.91793685 0.13844221 0.99982788 3.57742221],[0.5547206  0.43142755 0.66674362 0.15046052],[2.51378787e-01 2.13023443e-02 7.27318868e-01 2.15152223e-10],68.7314406344735,145.462881268947,159.54872494039597
39,"[4.0036033921857195, 0.20363429473450972, 0.4035062341398927, 2.851872879041128]",[1.35736836 0.1686022  0.01415728 0.03750312],[0.5705503  0.43810272 0.53090159 0.30521699],[7.75274503e-01 2.36790689e-02 2.01031080e-01 1.53482561e-05],145.7988005357524,299.5976010715048,313.6834447429538
40,"[1.2921265177235601, 0.6676038898981589, 0.7796536368454446, 1.554916972434154]",[4.9999000e+00 4.2834692e-02 9.9990000e-01 1.0000000e-04],[0.62130843 0.         0.         0.49364509],[5.39512890e-01 8.73401591e-05 8.73401591e-05 4.60312430e-01],19.40812198824799,46.81624397649598,60.90208764794497
41,"[4.437192349161215, 0.01499671308648729, 0.8376919056902932, 2.2080215841259427]",[2.46925512e+00 1.00000000e-04 5.22615917e-01 1.00000000e-04],[0.004001   0.0012905  0.00209794 0.0007233 ],[0.47458256 0.19209408 0.22986126 0.1034621 ],137.08050552765425,282.1610110553085,296.2468547267575
42,"[2.8788898041423496, 0.5537922123339085, 0.08016018595937309, 0.828942836850115]",[1.66478299e+00 7.02847511e-02 2.65539310e-03 1.00000000e-04],[0.42067175 0.33523787 0.51482849 0.22066055],[0.25047574 0.11113535 0.58960576 0.04878315],150.16235930953928,308.32471861907857,322.41056229052754
43,"[1.805837944569424, 0.13821838003889445, 0.8350379883274927, 2.0456742738661924]",[1.30281323e+00 1.38286041e-01 1.00000000e-04 3.99990000e+00],[0.50869116 0.38619382 0.45722074 0.29751671],[4.16079001e-01 1.72326509e-04 5.83118726e-01 6.29945546e-04],148.03399869182843,304.06799738365686,318.15384105510583
44,"[2.493228695348994, 0.6427834822953381, 0.7013107151293563, 3.475640030937914]",[9.75066197e-01 7.00900598e-02 1.00000000e-04 3.99990000e+00],[0.5381685  0.31098968 0.58160251 0.27380871],[0.48245214 0.0061346  0.37374338 0.13766987],166.6617573777997,341.3235147555994,355.40935842704835
45,"[4.032428320193512, 0.6090501631940488, 0.5284602350895756, 1.1486071700603515]",[1.61075553e+00 4.25061906e-02 1.00000000e-04 7.90610347e-01],[0.49551962 0.21962109 0.43678324 0.07102107],[0.59294692 0.11766013 0.25404088 0.03535208],138.64371293366455,285.2874258673291,299.37326953877806
46,"[0.18095593037735322, 0.1470915080764298, 0.8124583144016949, 1.7097377030558232]",[1.61601671e+00 9.77681573e-02 1.00000000e-04 3.99990000e+00],[0.55018248 0.27894705 0.52452233 0.22375246],[0.63406738 0.00309573 0.32542466 0.03741223],127.54036672734146,263.0807334546829,277.1665771261319
47,"[0.1997399941159683, 0.31862412990223027, 0.04269728518255506, 0.22357659476115804]",[9.31277919e-01 2.91828619e-01 1.07171408e-04 3.99990000e+00],[0.5343922  0.43379112 0.6014826  0.39715614],[6.28830213e-01 1.76608348e-02 3.53483410e-01 2.55421594e-05],165.07798507629784,338.15597015259567,352.24181382404464
48,"[3.9556371742330074, 0.45543422180173826, 0.6744614755820807, 1.4921985752042193]",[4.11552500e+00 5.59823731e-04 3.83902163e-01 9.36930703e-02],[0.02465541 0.00612129 0.01128056 0.00388923],[0.52267201 0.15833284 0.23356941 0.08542573],109.37414356629962,226.74828713259924,240.83413080404824
49,"[4.7328569447651985, 0.16953473997874638, 0.607643684889759, 2.986358989815369]",[1.54219034e+00 3.48695965e-01 3.22807827e-01 1.00000000e-04],[0.57995877 0.25257594 0.54779668 0.4331173 ],[9.40352989e-02 1.48767139e-12 3.65840149e-01 5.40124552e-01],105.14736056576929,218.29472113153858,232.38056480298758
50,"[2.6051561199099185, 0.7012899812324741, 0.4523452520046419, 1.6924130810436584]",[4.99990000e+00 2.89074354e-04 1.00000000e-04 2.14318890e+00],[0.00903088 0.00356123 0.00781595 0.0041953 ],[0.34086175 0.15171573 0.29745573 0.20996679],158.48445160880655,324.9689032176131,339.0547468890621
51,"[0.5658052127755192, 0.7948499717721785, 0.8399427374606542, 1.9049255499108428]",[4.99990000e+00 6.96869487e-04 1.00000000e-04 1.96384002e+00],[0.02771593 0.00865932 0.01255258 0.00414243],[0.50404347 0.18498643 0.21023627 0.10073383],108.47936222065961,224.95872444131922,239.04456811276822
52,"[3.572238778930166, 0.6719683382569348, 0.11473135909547524, 2.3170998900989814]",[1.15139604e+00 5.51455716e-01 9.99900000e-01 1.00000000e-04],[0.37067897 0.38808385 0.54529195 0.29479277],[1.91176501e-14 8.79032952e-01 1.18810602e-01 2.15644594e-03],130.5264062914046,269.0528125828092,283.1386562542582
53,"[4.126060839326516, 0.02679770337699366, 0.31222586563630383, 2.709525458452042]",[8.77754664e-01 7.31615447e-01 1.00000000e-04 1.00000000e-04],[0.4711453  0.41658782 0.56105239 0.32967824],[2.36008587e-02 6.57997354e-06 9.76392561e-01 9.10765250e-33],146.9210663328943,301.8421326657886,315.92797633723757
54,"[4.821220874907812, 0.6196761219719512, 0.8944227027050101, 3.723907130949389]",[2.26690860e+00 3.98930119e-02 1.00000000e-04 3.99990000e+00],[0.51787755 0.12264701 0.49574875 0.02135939],[0.63316911 0.00190595 0.34370648 0.02121846],69.64988176834795,147.2997635366959,161.3856072081449
55,"[3.9564882849736853, 0.1883749895476515, 0.2247176497029646, 1.419062830196618]",[3.66406039e+00 1.00000000e-04 8.59009930e-01 5.39378892e-01],[0.00382389 0.00053859 0.00226135 0.00010926],[0.5645811  0.09960433 0.31444612 0.02136845],137.01925856837326,282.0385171367465,296.1243608081955
56,"[3.168417719409979, 0.8760927647531067, 0.013443597729168512, 2.290790288570782]",[1.42446866e+00 6.57705474e-02 9.99900000e-01 1.00000000e-04],[0.56256065 0.40857528 0.55710287 0.29463753],[0.54352575 0.01065102 0.39403731 0.05178592],141.51627118939788,291.03254237879577,305.11838605024474
57,"[0.9888748435637768, 0.35622546087897383, 0.09298429849303555, 3.3644258409237775]",[1.60889176 0.04374673 0.98590665 3.9999    ],[0.38364882 0.46573157 0.57251717 0.34232851],[0.21886057 0.30620268 0.42445891 0.05047784],153.0477188876054,314.0954377752108,328.1812814466598
58,"[3.7315469894905147, 0.04278900031850699, 0.668476539692244, 1.3235999694864873]",[1.42054459e+00 9.33164946e-02 9.99900000e-01 1.00000000e-04],[0.41919107 0.52292881 0.69684208 0.10558351],[1.63357709e-06 5.56880703e-01 4.43117233e-01 4.29735031e-07],120.04810652519001,248.09621305038002,262.182056721829
59,"[0.13226176223279482, 0.8393120405817832, 0.4864290363829999, 1.828620728813046]",[2.17751918e+00 5.78796165e-02 1.00000000e-04 3.99990000e+00],[0.47133145 0.17743676 0.49457199 0.09310122],[0.45484209 0.00545711 0.52705528 0.01264552],78.60689563002526,165.21379126005053,179.2996349314995
60,"[4.15433333737942, 0.7036584838816157, 0.4220010035049944, 1.9446194828190349]",[1.14430348 0.08237981 0.99208198 3.97979455],[0.62692422 0.35874151 0.61580168 0.37452076],[0.58744479 0.10082045 0.22093153 0.09080322],154.32282131858506,316.6456426371701,330.7314863086191
61,"[3.259765281904744, 0.6141801947730321, 0.13649981095196215, 3.2730154773906945]",[1.91558724e+00 5.19133968e-02 7.38848156e-01 1.00000000e-04],[0.43552423 0.10177745 0.44970939 0.05956432],[0.76490626 0.00209525 0.23222022 0.00077827],71.58991228678948,151.17982457357897,165.26566824502794
62,"[4.218133216948659, 0.46823517193986197, 0.5820913951941867, 3.697350129340278]",[1.25720116e+00 6.04056327e-02 4.61715505e-01 1.00000000e-04],[0.50419227 0.32916415 0.54029203 0.20250355],[0.55665435 0.01191545 0.3608018  0.0706284 ],155.0911343225392,318.1822686450784,332.2681123165274
63,"[4.043758218925723, 0.006697806634661207, 0.6098276760759007, 1.5237039195548723]",[1.35625767e+00 7.26118503e-02 1.00000000e-04 3.99990000e+00],[0.47844715 0.38987278 0.53385113 0.29581457],[0.42241383 0.08153678 0.37340092 0.12264847],163.49454164608144,334.9890832921629,349.07492696361186
64,"[3.9049115181356, 0.5856588166549312, 0.9509559568111895, 0.319280127926855]",[1.85386054e+00 5.24460158e-02 9.99900000e-01 1.00000000e-04],[0.52923771 0.16654149 0.50522093 0.06949111],[7.07345431e-01 2.03812518e-03 2.90018303e-01 5.98140064e-04],76.75848253086544,161.51696506173087,175.60280873317987
65,"[4.7007244920274776, 0.5802209987346606, 0.6128889922105959, 2.1423665274091093]",[1.02145943e-04 9.88826400e-02 1.00000000e-04 3.99990000e+00],[0.55573725 0.49940894 0.61703487 0.48410736],[0.10026184 0.18388291 0.33878319 0.37707206],172.59364251683695,353.1872850336739,367.2731287051229
66,"[2.6967228390629883, 0.8598783944643612, 0.6068827650228181, 0.5698241078748222]",[1.64953716e+00 1.00405965e-01 8.58587987e-01 1.00000000e-04],[0.59206302 0.22673062 0.60494949 0.16589366],[0.5189763  0.00348532 0.44790615 0.02963223],103.00873910465467,214.01747820930933,228.1033218807583
67,"[3.114907883117558, 0.4034200514535597, 0.7613403718847561, 3.4169426353499373]",[2.46868742e+00 1.34280145e-02 1.00000000e-04 3.99990000e+00],[0.33178475 0.20914099 0.2242866  0.10410681],[0.42556915 0.23178224 0.24830385 0.09434476],135.57506709149683,279.15013418299367,293.23597785444264
68,"[3.6177138154606756, 0.30188739385425223, 0.2827382493342488, 1.9916508558049772]",[3.46922300e+00 1.73541184e-03 2.32481624e-01 4.54032929e-01],[0.06929352 0.01929001 0.01764351 0.01916011],[0.51764215 0.16386527 0.14491835 0.17357423],131.40446339884718,270.80892679769437,284.89477046914334
69,"[4.176858945919321, 0.760473884389229, 0.2687484492876949, 1.7300333565002248]",[1.37352437 0.11801888 0.9999     0.49724182],[0.54319663 0.38910182 0.50167483 0.28722049],[0.49725679 0.0805871  0.41481911 0.00733701],146.78949356985353,301.57898713970707,315.66483081115604
70,"[1.521632128014118, 0.21248171968430044, 0.05874877238268691, 0.41086499594893283]",[4.86309723e+00 1.00000000e-04 7.99868608e-01 7.11878378e-01],[0.00268168 0.00214992 0.00220581 0.00033404],[0.35297303 0.29401935 0.28692798 0.06607965],165.0211368678259,338.0422737356518,352.1281174071008
71,"[2.9200188832876224, 0.3354614989516521, 0.14705738906763458, 3.034853233041407]",[1.1178262  0.19033286 0.99508829 3.9999    ],[0.64789531 0.36678796 0.66757137 0.42984697],[7.12951304e-01 4.16019630e-08 2.87048249e-01 4.04935922e-07],144.75667170669405,297.5133434133881,311.59918708483707
72,"[3.2056696837079572, 0.042282577795523586, 0.011658831362794088, 2.995078742197927]",[9.43577362e-01 1.00000000e-04 9.99900000e-01 3.23500886e+00],[0.00223173 0.00157055 0.00228874 0.00148558],[0.26547622 0.23454135 0.28144171 0.21854072],172.45515663952264,352.9103132790453,366.99615695049425
73,"[3.147825673857556, 0.497239722043006, 0.40498903816304554, 3.9851374440368996]",[1.8762113  0.21942095 0.9999     0.47456585],[0.53181465 0.25646161 0.64020256 0.26841445],[6.52228741e-01 8.66630746e-13 3.47771259e-01 1.44238442e-14],68.04626466681358,144.09252933362717,158.17837300507614
74,"[0.12720122740779025, 0.39045907506155075, 0.44205718095790597, 2.71661586473752]",[1.68735560e+00 1.04521898e-01 1.00000000e-04 3.99990000e+00],[0.62302043 0.33915573 0.62962189 0.4660226 ],[0.44717808 0.00415621 0.39258712 0.15607859],143.17586962311285,294.3517392462257,308.43758291767466
75,"[4.5390342230292475, 0.10409824184558093, 0.9865166990830831, 0.5077624488857136]",[2.63706889 0.00505216 0.42450767 0.65184742],[0.13124648 0.11021665 0.07792466 0.03920893],[0.38917611 0.30154364 0.20612038 0.10315987],151.34537886577257,310.69075773154515,324.7766014029941
76,"[1.8064887483681575, 0.7156326645703519, 0.3126897900399372, 1.1989039182444643]",[1.64521578e+00 4.07954084e-01 6.67351961e-01 1.00000000e-04],[0.39753749 0.17853002 0.45750247 0.35717543],[1.55516730e-01 1.06920385e-06 8.44482198e-01 3.15632580e-09],90.87857704849803,189.75715409699606,203.84299776844506
77,"[4.712484991847285, 0.7506035580950224, 0.8821383450084961, 3.585503625368731]",[1.2693831  0.56731186 0.9999     3.72335785],[0.57465078 0.4360104  0.44942653 0.309575  ],[7.83380868e-01 2.44653228e-20 2.16604800e-01 1.43313505e-05],119.86045084724023,247.72090169448046,261.80674536592943
78,"[3.647404555809634, 0.3194057669351643, 0.6928426461138387, 3.7780900675907225]",[1.92581518e+00 2.24730323e-02 1.00000000e-04 3.99990000e+00],[0.44487972 0.20475182 0.25049267 0.14759718],[0.53523296 0.14045722 0.21090618 0.11340365],141.67400987771006,291.3480197554201,305.4338634268691
79,"[2.192492151075237, 0.03907468933512002, 0.5560288312505558, 0.2664399843871948]",[1.87412556e+00 7.98879424e-03 1.00000000e-04 2.88320947e+00],[0.21655571 0.11263046 0.12543788 0.06696691],[0.43736157 0.24294769 0.18027889 0.13941185],165.41895036750776,338.8379007350155,352.9237444064645
80,"[4.59272331435435, 0.6852935526165432, 0.4068459020214516, 0.13604757759435393]",[4.35395396e+00 1.00000000e-04 9.99671788e-01 3.99990000e+00],[0.0027578  0.00214782 0.00161929 0.00081432],[0.35678472 0.31783094 0.21691064 0.1084737 ],171.09410060739654,350.1882012147931,364.27404488624205
81,"[1.71107340101, 0.473236191359248, 0.7659304944125745, 0.019370870811291237]",[1.44706177e+00 8.73231209e-01 9.99900000e-01 1.00000000e-04],[0.42056891 0.55272964 0.45655711 0.36307043],[8.85659823e-33 1.12502752e-01 8.87497248e-01 8.85659823e-33],103.53942697722795,215.0788539544559,229.16469762590486
82,"[3.2292607940935043, 0.10577197604015356, 0.2804912670806694, 0.2180038674462115]",[1.64548208 0.11788072 0.98012976 3.9999    ],[0.58626047 0.38988809 0.62540089 0.29332874],[0.33735295 0.06488651 0.59255925 0.00520128],108.85666287555624,225.71332575111248,239.79916942256148
83,"[3.0691474810642676, 0.17726781575974587, 0.6807367677929882, 3.000136460005725]",[3.87864428e+00 1.00000000e-04 1.00000000e-04 3.99990000e+00],[0.0024127  0.00165668 0.00251391 0.00156888],[0.28328228 0.22511777 0.30850283 0.18309712],172.55301605462932,353.10603210925865,367.1918757807076
84,"[1.2637608598390742, 0.3826000141345914, 0.5384436432396861, 2.7182519523299677]",[1.58076636 0.17240085 0.95451697 3.9999    ],[0.58875721 0.43739558 0.53344709 0.37103318],[6.36922816e-01 5.51962120e-05 3.63021915e-01 7.27102877e-08],116.86282055412818,241.72564110825635,255.81148477970532
85,"[1.9675304736578993, 0.17943053449263316, 0.3947089229036493, 1.3925417954192585]",[2.26423046 0.03263309 0.06440064 3.9999    ],[0.51270268 0.06401876 0.48501203 0.04263417],[0.66360074 0.00893625 0.32606419 0.00139883],67.72630498076401,143.45260996152803,157.538453632977
86,"[3.810967340778008, 0.9512077919704391, 0.1280366998609022, 1.3185866173685439]",[1.3608865e+00 1.0000000e-04 9.9990000e-01 1.0000000e-04],[3.22421598e-03 8.66775777e-05 3.62627933e-03 1.13418852e-05],[0.46531216 0.02079395 0.50700018 0.00689371],127.46245037309329,262.9249007461866,277.0107444176356
87,"[1.8271272720710328, 0.9361839339728053, 0.47338773335586065, 0.7889999043525345]",[1.74846176e+00 6.06346814e-02 2.31472443e-02 1.00000000e-04],[0.54757607 0.22992475 0.61363596 0.27557048],[4.39573627e-01 4.34764574e-04 5.59432015e-01 5.59593187e-04],112.79475180066147,233.58950360132295,247.67534727277194
88,"[2.372878936108814, 0.7517716390748147, 0.10459336725703565, 1.9179103281487733]",[1.934626   0.16911344 0.94392715 2.21684481],[0.4844009  0.31564676 0.61946266 0.20241735],[6.61311436e-01 8.47982645e-09 3.38688546e-01 8.75341154e-09],73.62401801377182,155.24803602754363,169.33387969899263
89,"[3.3321141474126605, 0.7996223066545142, 0.0665939918024928, 3.693273310445754]",[2.01018925e+00 4.06818710e-02 1.00000000e-04 3.99990000e+00],[0.56575165 0.27171007 0.5118154  0.11126442],[0.56158635 0.04065144 0.39539334 0.00236887],106.36486018796235,220.7297203759247,234.8155640473737
90,"[4.019465371809538, 0.3436733325571215, 0.6660380905224065, 0.7388312143544455]",[1.26438146 0.33741504 0.9999     0.0492749 ],[0.4769052  0.34134119 0.5293973  0.26423706],[5.80612931e-01 4.70751639e-17 4.17571393e-01 1.81567585e-03],136.05545732598924,280.1109146519785,294.19675832342745
91,"[1.3226088922934758, 0.10892236654863478, 0.5695584887431016, 3.9737795912634293]",[1.09463365 0.04968266 0.98083403 3.90929395],[0.64941381 0.35946729 0.40327854 0.35258382],[0.64982947 0.18545349 0.12747733 0.03723972],162.99343529053866,333.9868705810773,348.0727142525263
92,"[0.9435724264697768, 0.2560777663919904, 0.8461127701981623, 3.651543248161754]",[7.67855392e-01 3.81535478e-01 1.00000000e-04 3.99990000e+00],[0.50857216 0.37577582 0.49514505 0.41295539],[9.47004728e-01 4.35966779e-06 5.29898600e-02 1.05261390e-06],161.89282119924704,331.7856423984941,345.87148606994305
93,"[0.11726915640852263, 0.809074066184344, 0.586316114043892, 2.9624234899758384]",[1.87495509 0.0696714  0.24536346 3.9999    ],[0.50401972 0.35786575 0.55637232 0.12103162],[0.42101447 0.13265297 0.43446409 0.01186847],121.97141072758915,251.9428214551783,266.0286651266273
94,"[4.571019018763423, 0.11099478483702276, 0.14242520883359483, 0.4896614153153443]",[1.76000226e+00 2.04146229e-02 6.91905975e-02 1.00000000e-04],[0.30773484 0.17029745 0.35349269 0.15697282],[0.34377341 0.12157775 0.39566013 0.13898872],158.35192382081988,324.70384764163975,338.7896913130887
95,"[3.5408480188266584, 0.09505151115557987, 0.9050546747105792, 3.1390895522205837]",[2.23614423e+00 1.95317687e-02 1.30799886e-01 1.00000000e-04],[0.28806826 0.20462073 0.23944765 0.08411517],[0.37553469 0.27481185 0.29817469 0.05147876],150.13972453444654,308.2794490688931,322.36529274034206
96,"[3.3716402416332536, 0.009502008842853162, 0.9070593505853867, 2.1709363171707885]",[0.84275372 0.07320194 0.43053997 3.9999    ],[0.59594419 0.4646862  0.62229097 0.24383369],[0.38247277 0.21488336 0.35999224 0.04265164],169.8523908410285,347.704781682057,361.79062535350596
97,"[3.4565785889879335, 0.4246349627018762, 0.663047926703262, 1.9378207372787324]",[1.63792971e+00 5.25580091e-02 1.00000000e-04 3.99990000e+00],[0.48645429 0.07331568 0.4983794  0.10397214],[0.56134094 0.03912905 0.39580523 0.00372477],115.95354604067634,239.9070920813527,253.99293575280166
98,"[3.1207493924404335, 0.5455663596216569, 0.714071572270362, 3.898752715282829]",[1.04394711 0.10725769 0.30704655 3.9999    ],[0.58922898 0.4486077  0.591218   0.40202243],[0.66455693 0.17093177 0.06960842 0.09490288],169.01862177274643,346.03724354549286,360.1230872169418
99,"[0.549847242467819, 0.2202555517525901, 0.1498932941921722, 3.0965528599144223]",[1.17062076 0.4047801  0.40388597 3.9999    ],[0.65442454 0.61949914 0.7470929  0.32454849],[6.02450173e-01 3.86982037e-02 3.58851623e-01 2.36743876e-22],138.58508360857323,285.17016721714646,299.2560108885954
100,"[3.2414911064766248, 0.22359274040103447, 0.02955027975010334, 1.8769378960337442]",[0.71794544 0.00468777 0.9999     0.33263396],[0.1138793  0.10857564 0.09596154 0.02723917],[0.31317477 0.34816539 0.2692472  0.06941264],171.5733435280449,351.1466870560898,365.23253072753874
101,"[3.264467007970613, 0.396556756995114, 0.33062516103288137, 0.6345947117930457]",[4.99990000e+00 1.14278761e-04 7.14586162e-02 1.00000000e-04],[0.0033966  0.00260891 0.00260571 0.00047458],[0.38046147 0.28375253 0.26874225 0.06704375],163.17285781171609,334.34571562343217,348.43155929488114
102,"[3.8002338129361037, 0.2799353128429767, 0.11237205774840539, 0.8487424986531235]",[3.68670982e+00 1.00000000e-04 9.72477444e-01 3.99990000e+00],[0.00351901 0.00164345 0.00158122 0.00089928],[0.43434402 0.25568733 0.18608086 0.12388779],171.7570661248035,351.514132249607,365.59997592105594
103,"[3.8298999625778127, 0.1400932185518715, 0.04400034727853387, 1.8865784500375937]",[1.12102548e+00 1.03877248e-01 9.99900000e-01 1.00000000e-04],[0.52264552 0.44538395 0.58922106 0.43552605],[0.13412501 0.64060813 0.01168343 0.21358343],155.4926770838357,318.9853541676714,333.0711978391204
104,"[4.778750171403893, 0.23980107173115764, 0.2697029432274334, 1.8757623341301535]",[1.36653203e+00 2.03796394e-03 9.99900000e-01 1.00000000e-04],[0.06875966 0.00802142 0.00924815 0.04516715],[0.47155265 0.06889804 0.06978244 0.38976687],151.12520203603236,310.2504040720647,324.3362477435137
105,"[3.7256577319211566, 0.5908008294079025, 0.8529900213898325, 1.8407528720790864]",[2.32294925e+00 3.10130193e-02 2.37267287e-01 1.00000000e-04],[0.44458714 0.08720642 0.4122211  0.04313722],[0.60199439 0.00617419 0.3885526  0.00327882],71.12203208437944,150.24406416875888,164.32990784020785
106,"[1.1994930409222404, 0.8151530673273876, 0.11148088856636484, 2.504339266442834]",[3.54716665e+00 2.30550540e-03 2.68562614e-01 1.00000000e-04],[0.06590023 0.02487836 0.10008836 0.00649588],[0.3280786  0.14816114 0.49355329 0.03020697],79.7044277493624,167.4088554987248,181.49469917017376
107,"[0.09261559798319079, 0.25616809824208103, 0.5891811361962382, 3.7711305260080827]",[1.44886655e+00 4.31601651e-01 1.27109371e-04 1.00000000e-04],[0.51114338 0.47011374 0.70510284 0.23583512],[3.76934267e-01 5.31151779e-04 6.22534569e-01 1.15776106e-08],123.96165309457307,255.92330618914613,270.00914986059513
108,"[2.057067345995172, 0.5927935381500304, 0.7725166297240453, 0.043322688937958265]",[2.03188475e+00 5.69593598e-03 7.54509765e-01 1.00000000e-04],[0.17735866 0.01522015 0.20076131 0.01421901],[0.46148959 0.0258579  0.48003845 0.03261406],90.59180503366196,189.1836100673239,203.26945373877288
109,"[1.0808069377632181, 0.28040695896835677, 0.4737825213346868, 0.036814822130840606]",[1.05035627 0.39141532 0.15794487 0.06155487],[0.57183523 0.43455023 0.65044417 0.22488223],[4.98950738e-02 4.32051371e-11 9.50104926e-01 1.03864600e-19],141.01389232539512,290.02778465079024,304.1136283222392
110,"[1.9959573614095314, 0.042098516070489096, 0.669770457966056, 3.5146853914147886]",[4.99990000e+00 6.27264846e-04 9.96808233e-01 3.99990000e+00],[0.01747029 0.00780307 0.01941988 0.00784037],[0.33493906 0.15023645 0.35804842 0.15677607],133.17136116613304,274.3427223322661,288.42856600371505
111,"[3.360414843774474, 0.3329588457885544, 0.7355330172113289, 1.4579067560641061]",[4.43709770e+00 1.08484696e-03 1.35872775e-01 1.00000000e-04],[0.04233424 0.00485065 0.02960322 0.01325616],[0.46264303 0.04903426 0.33178723 0.15653548],88.44575817805296,184.8915163561059,198.97736002755488
112,"[3.513113291993159, 0.7815821729913239, 0.5204423951648977, 1.8691854514473827]",[1.46967227e+00 2.50253633e-01 1.00000000e-04 1.00000000e-04],[0.62698862 0.47650132 0.53930058 0.37775871],[0.80235186 0.16628708 0.02956311 0.00179795],127.33468667766343,262.66937335532685,276.7552170267758
113,"[2.4860123331129294, 0.2418603545613455, 0.9469285677149282, 3.44194194619099]",[4.99990000e+00 1.47439620e-04 9.53018266e-01 3.99990000e+00],[0.00263812 0.00217734 0.00405932 0.00151437],[0.24834918 0.2323736  0.32550306 0.19377416],169.33330282991346,346.6666056598269,360.7524493312759
114,"[3.490202515503786, 0.6273736910943917, 0.9654974426750742, 3.726909878978462]",[1.81727182e+00 1.31837450e-01 3.12796862e-04 1.00000000e-04],[0.5921746  0.26878365 0.58516814 0.2217909 ],[0.58526983 0.00550751 0.37661154 0.03261112],97.301905575239,202.603811150478,216.68965482192698
115,"[0.3587043164711642, 0.6115402441594314, 0.058109088550081595, 3.1558517878576398]",[1.49556645e+00 2.55861067e-02 9.99900000e-01 1.00000000e-04],[0.37325061 0.08027301 0.4524426  0.07920643],[0.44699859 0.05077179 0.46589662 0.03633301],126.9122225236329,261.82444504726584,275.9102887187148
116,"[1.9699534951282998, 0.25031819014940115, 0.7908158665812575, 2.891966875443629]",[1.69555742e+00 1.41475703e-01 1.00000000e-04 3.99990000e+00],[0.5104775  0.34341859 0.4254319  0.25202779],[0.42071407 0.30432049 0.26451763 0.01044781],121.79701573210511,251.59403146421022,265.6798751356592
117,"[0.6548156536990993, 0.6226067743514211, 0.8207475934023577, 1.406119999390194]",[1.35088550e+00 1.28965992e-01 1.00000000e-04 3.99990000e+00],[0.36011488 0.36669342 0.60011381 0.21686246],[3.31413879e-01 1.64558325e-02 6.52130111e-01 1.77721467e-07],143.29947315421364,294.5989463084273,308.68478997987626
118,"[3.2711697368641963, 0.16369484653815755, 0.6010471708275703, 0.6825541494664948]",[1.68162196e+00 1.81469054e-01 4.50813261e-01 1.00000000e-04],[0.55366546 0.39848979 0.56383307 0.33557095],[0.60454041 0.00162145 0.38188917 0.01194897],115.19021305515172,238.38042611030343,252.46626978175243
119,"[3.1724862612726756, 0.516325790768937, 0.9844097558114357, 3.182073727154955]",[1.45120590e+00 3.13928112e-02 4.42609633e-01 1.00000000e-04],[0.40206468 0.37904062 0.50510186 0.31535782],[0.32238421 0.08687918 0.52385139 0.06688521],163.5100165341675,335.020033068335,349.105876739784
120,"[4.567894084581619, 0.904539711754353, 0.09841911741408316, 0.8999372174869713]",[1.54383092e+00 1.63136416e-01 1.00000000e-04 3.99990000e+00],[0.53521711 0.36366996 0.54293818 0.35328205],[0.44013714 0.01652358 0.41240013 0.13093914],142.5808033731539,293.1616067463078,307.2474504177568
121,"[3.0992060466520677, 0.5640443818408365, 0.21855022681044178, 1.2864286153303346]",[2.25642409e+00 1.00000000e-04 2.87124370e-01 1.00000000e-04],[0.00073995 0.00226448 0.002887   0.0007023 ],[0.12762041 0.34434624 0.42434213 0.10369122],158.55929371163273,325.11858742326547,339.20443109471444
122,"[4.590452805747676, 0.12201378982947661, 0.28923011416769195, 2.4737809511373303]",[2.89611938e+00 1.17961244e-03 1.40933154e-01 1.00000000e-04],[0.03346947 0.02701698 0.00926656 0.01649634],[0.36373777 0.31424338 0.1209853  0.20103354],160.16513158142695,328.3302631628539,342.41610683430287
123,"[4.90431055112984, 0.21658301784418682, 0.5254373782363249, 0.01993517274893533]",[1.10447891 0.06226615 0.66541075 3.9999    ],[0.51968349 0.33684928 0.47873959 0.28322005],[0.36662602 0.2632623  0.24669761 0.12341407],167.51012090014606,343.0202418002921,357.1060854717411
124,"[4.909864068106826, 0.10097352054077728, 0.6141689929065771, 0.04052889696004395]",[4.99990000e+00 2.29035313e-04 7.62277719e-01 1.16623903e-01],[0.00779293 0.00038842 0.00892767 0.        ],[0.43944779 0.0498784  0.4965081  0.01416572],45.17897996206799,98.35795992413598,112.44380359558497
125,"[2.004561235997461, 0.008035356594910625, 0.13182659156956333, 2.7100148633371055]",[1.26578495e+00 1.32528763e-01 6.17163888e-01 1.00000000e-04],[0.54239421 0.43357646 0.62694851 0.36022538],[0.27551327 0.43983341 0.17842301 0.10623031],151.4659875173326,310.9319750346652,325.01781870611416
126,"[0.3475637376933495, 0.5132583184100108, 0.8419652168109383, 0.2597471471221536]",[4.99990000e+00 6.80644548e-04 1.07970892e-01 1.00000000e-04],[0.02286834 0.00249272 0.02546499 0.00245275],[0.43782188 0.06220272 0.45145228 0.04852312],80.66986707808948,169.33973415617896,183.42557782762793
127,"[4.896182306061355, 0.5661087049199967, 0.8111536410932465, 1.773844394812227]",[4.70805027e+00 1.00000000e-04 9.95598285e-01 1.23960859e+00],[0.004592   0.00011215 0.00278045 0.        ],[0.6288123  0.03555488 0.32854102 0.00709179],78.30314455012953,164.60628910025906,178.69213277170803
128,"[4.851373517648643, 0.057346104426007405, 0.5311361931867326, 1.0334449210097103]",[1.33193586 0.03963337 0.99986962 0.03055694],[0.56737908 0.17707756 0.44635858 0.19551259],[0.65872301 0.02259187 0.24873498 0.06995014],132.2335439569946,272.4670879139892,286.55293158543816
129,"[3.9419768949806935, 0.03329436652193121, 0.784785983925808, 3.637026539420496]",[4.19323371e+00 9.64773266e-04 1.83759344e-01 1.00000000e-04],[0.03178964 0.00337749 0.03426471 0.00285169],[0.43421427 0.06913479 0.4424482  0.05420275],98.86596896614657,205.73193793229314,219.8177816037421
130,"[4.587976606589394, 0.46514190793090804, 0.6723154494536522, 2.551203162695316]",[2.15857825e-01 9.21535776e-01 1.00000000e-04 2.02563643e+00],[0.80674256 0.24144109 0.68777358 0.56311517],[7.84318181e-02 9.21568165e-33 9.21568165e-01 1.68744347e-08],171.82414482318964,351.6482896463793,365.73413331782825
131,"[0.8764285077513387, 0.891672138904679, 0.5241444824744479, 0.011569705370632627]",[4.99990000e+00 9.63586545e-04 7.38029722e-01 1.00000000e-04],[0.0386166  0.00043487 0.03983591 0.00012811],[0.49291106 0.01337082 0.48038605 0.01333207],33.69649728640588,75.39299457281176,89.47883824426074
132,"[3.585983370897625, 0.2182415728344204, 0.9189887199799445, 2.119229586911337]",[8.07758766e-01 1.54605525e-01 1.00000000e-04 3.99990000e+00],[0.46769804 0.29850487 0.51833771 0.35713346],[0.45022565 0.04733441 0.25968874 0.2427512 ],170.09476659862707,348.18953319725415,362.2753768687031
133,"[3.817053717467097, 0.12979001804812768, 0.5556512639308452, 1.749039299758443]",[1.56574649e+00 2.89098896e-01 9.99900000e-01 1.00000000e-04],[0.6081185  0.46270285 0.59043814 0.4043001 ],[5.82020133e-01 3.26817922e-11 4.17979867e-01 4.50950186e-11],97.32776904664753,202.65553809329506,216.74138176474406
134,"[0.6587525936585005, 0.21857597386910058, 0.17223914754157865, 3.279951001588105]",[4.48719806e-01 3.28890386e-01 1.00000000e-04 3.99990000e+00],[0.47878118 0.41268753 0.60686468 0.25360509],[0.01793881 0.37381112 0.57417952 0.03407055],171.0866898986635,350.173379797327,364.259223468776
135,"[3.4675097766952483, 0.5075164882872477, 0.5271947700190482, 0.8569630953978901]",[4.74447587e+00 1.00000000e-04 7.97378016e-01 1.61452429e-01],[0.00297219 0.00013164 0.00360354 0.00013861],[0.45825784 0.03477201 0.47230998 0.03466017],71.64714244855234,151.2942848971047,165.3801285685537
136,"[3.2490630202174273, 0.2961354918879295, 0.3680266514099712, 0.14470703360421627]",[7.73141879e-01 2.45172854e-01 1.00000000e-04 3.99990000e+00],[0.50344794 0.44272034 0.66646942 0.36742626],[0.05416279 0.54157652 0.27514667 0.12911402],168.7499967768531,345.4999935537062,359.58583722515516
137,"[3.2294776827776652, 0.2958183245430292, 0.9150902720625181, 2.4186657519114747]",[1.27328735e+00 1.50360894e-01 1.00000000e-04 3.99990000e+00],[0.45349793 0.3574683  0.5065257  0.32279748],[0.37845847 0.49283121 0.12093549 0.00777483],156.88023936593027,321.76047873186053,335.8463224033095
138,"[2.2594177453007664, 0.3477190781602531, 0.11203088515320367, 1.9262836252676285]",[1.92013714e+00 1.07922052e-01 9.36674114e-01 1.00000000e-04],[0.48800718 0.31318518 0.5683176  0.07929283],[4.43641288e-01 1.39532496e-03 5.54963251e-01 1.36648750e-07],77.40062975959158,162.80125951918316,176.88710319063216
139,"[2.6803498060336484, 0.7615608362569182, 0.44624573878166884, 0.5899771809364316]",[1.92357195e+00 3.85116489e-02 4.07447163e-01 1.00000000e-04],[0.56801797 0.18271346 0.64148229 0.08396803],[0.40538425 0.00670158 0.58311278 0.00480139],91.3676703995037,190.7353407990074,204.8211844704564
140,"[0.19159828046715216, 0.07102708379124979, 0.5760846003288113, 2.9369734846981426]",[9.82770129e-01 5.84151844e-02 1.00000000e-04 2.98328265e+00],[0.57716553 0.44401616 0.5224029  0.2890187 ],[0.48257138 0.24489031 0.24887942 0.02365889],170.15592341155528,348.31184682311056,362.3976904945595
141,"[0.7274461324527277, 0.42918936916566214, 0.597906192983458, 3.968811940554021]",[1.57962327e+00 1.66268401e-01 9.99900000e-01 1.00000000e-04],[0.41152176 0.43329273 0.48784514 0.17067035],[0.28770362 0.00410994 0.67161374 0.0365727 ],104.02435055344962,216.04870110689924,230.13454477834824
142,"[4.98837002883093, 0.3341050823549514, 0.2682226646610915, 3.820254256028968]",[1.2088836  0.11758774 0.9999     0.48483986],[0.55474271 0.4392795  0.71428876 0.3011412 ],[3.51837715e-01 2.90751089e-04 6.47780530e-01 9.10033529e-05],142.34099898667162,292.68199797334324,306.7678416447922
143,"[4.786554919511769, 0.38484090634912943, 0.6068678892766931, 2.0924171567763308]",[1.03538666 0.31738625 0.96473777 3.9999    ],[0.52468711 0.34879402 0.48393866 0.39222833],[0.06836678 0.67597832 0.2238215  0.0318334 ],151.39638546533808,310.79277093067617,324.87861460212514
144,"[3.824935186831241, 0.05293647169592879, 0.8225183507037906, 2.781134293148161]",[1.4425721  0.12575435 0.16571518 0.01891867],[0.60050823 0.26522981 0.73803631 0.11111912],[4.96656911e-01 4.17027759e-08 5.03343028e-01 1.90336571e-08],117.58606886448362,243.17213772896724,257.2579814004162
145,"[4.312340174424984, 0.9328565498300745, 0.535058709199587, 3.4110646407008187]",[4.14785047e-01 9.34546970e-01 5.15739802e-04 3.99990000e+00],[0.35396552 0.61945489 0.48500549 0.3287928 ],[9.95456317e-01 4.26455009e-03 2.79132846e-04 1.43651857e-12],168.05842099688684,344.1168419937737,358.20268566522265
146,"[2.9364628813825497, 0.7157933758487515, 0.8021212522708014, 0.20223898204014443]",[1.59048640e+00 1.35230589e-01 9.35500837e-01 1.00000000e-04],[0.5061426  0.42535305 0.59330998 0.18229086],[3.47398522e-01 2.55371736e-02 6.27062485e-01 1.81955114e-06],116.9228056717623,241.8456113435246,255.9314550149736
147,"[0.2852600924579428, 0.8460097228521593, 0.889245613428162, 2.8200992962781894]",[1.29924673 0.08523779 0.99443922 3.9999    ],[0.66174701 0.35362976 0.54037143 0.54211915],[9.00998971e-01 5.42271937e-05 6.80469350e-04 9.82663327e-02],128.7888118130442,265.5776236260884,279.66346729753735
148,"[4.108576148746186, 0.15235697356585612, 0.37545233960428276, 3.4104532927343096]",[1.41013056e+00 1.24225947e-01 1.00000000e-04 3.99990000e+00],[0.42785481 0.42571675 0.52540431 0.27636482],[0.50522405 0.13451012 0.25837561 0.10189022],162.03948295492657,332.07896590985314,346.1648095813021
149,"[0.7349682576410073, 0.5375863429332755, 0.3319708556065845, 3.644499522504112]",[4.07186851e+00 1.00000000e-04 9.78886791e-01 1.10659087e+00],[0.00409141 0.00142092 0.00101138 0.00105289],[0.49968809 0.19424888 0.13450758 0.17155545],147.8547657382446,303.7095314764892,317.79537514793816
150,"[4.749517883308764, 0.5765718094085854, 0.7709114389726082, 3.6747106407163312]",[1.41917904e+00 1.04422334e-01 7.24545226e-04 5.57766917e-02],[0.43195175 0.47242152 0.50567655 0.32625675],[0.24425725 0.39271856 0.35926524 0.00375895],157.09379363324595,322.1875872664919,336.2734309379409
151,"[0.6847531700451784, 0.9859905814592582, 0.35681873756209775, 0.34650124796058107]",[1.74212418e+00 1.00000000e-04 6.85444675e-02 1.00000000e-04],[0.00222393 0.00131658 0.00214434 0.00136234],[0.32309765 0.1808294  0.26782413 0.22824882],172.5227961777409,353.0455923554818,367.13143602693077
152,"[1.3098164714758713, 0.8671896944155368, 0.7079246738361696, 3.246741643741254]",[5.49471645e-01 2.34323471e-01 1.04698056e-03 3.99990000e+00],[0.62684618 0.40124206 0.65447653 0.46803434],[0.82276892 0.12398169 0.04281606 0.01043333],169.55318163734896,347.1063632746979,361.1922069461469
153,"[4.06207909939332, 0.3459443182092682, 0.5143552241076899, 0.36007061365121823]",[4.67909611e+00 1.00000000e-04 4.75688084e-01 1.00000000e-04],[0.00332981 0.00101233 0.00396535 0.00046263],[0.37070465 0.1258377  0.42661771 0.07683994],98.1710216211921,204.3420432423842,218.42788691383316
154,"[2.986979366614994, 0.18031793134536597, 0.3380525729369476, 1.119292695257925]",[1.5949718  0.27399082 0.02992876 0.41796264],[0.41359495 0.45804256 0.62239102 0.2892008 ],[6.10261575e-08 2.72238290e-01 7.27761649e-01 6.60325739e-11],110.24843880110998,228.49687760221997,242.58272127366894
155,"[3.7465812228674698, 0.4259246750271847, 0.46194304967547223, 3.578184780905391]",[1.53266494e+00 6.71136729e-01 9.99900000e-01 1.00000000e-04],[0.5036351  0.23938166 0.41567832 0.12494775],[1.06984803e-01 3.48207921e-21 8.93015197e-01 1.14512796e-21],97.99783003402919,203.99566006805838,218.08150373950735
156,"[0.5617547908122342, 0.624482919504266, 0.9531305926860888, 2.829765560264425]",[1.33577195 0.00391216 0.9999     0.33939129],[0.00370939 0.15754887 0.0032701  0.07954307],[0.01398714 0.65527912 0.01407391 0.31665983],122.91347018943013,253.82694037886026,267.91278405030926
157,"[3.597475201538602, 0.22655572477704097, 0.7405592100912799, 2.2939994582332583]",[1.30197112e+00 4.87821541e-02 1.00000000e-04 3.99990000e+00],[0.4992169  0.22454102 0.43233837 0.21685653],[0.69323702 0.00906049 0.29347222 0.00423028],162.45672914707953,332.91345829415906,346.999301965608
158,"[3.4162710071561784, 0.4227164400614761, 0.6557635160902263, 1.5241418921528367]",[2.05365135e+00 1.41418914e-02 5.06920136e-01 1.00000000e-04],[0.14878071 0.223688   0.21070114 0.19357894],[0.1449149  0.32480933 0.24629318 0.2839826 ],159.66292966659387,327.32585933318774,341.4117030046367
159,"[2.2215542787044606, 0.07227545062475006, 0.030196796076139894, 3.500539639787591]",[1.58056232e+00 1.05410951e-01 9.99900000e-01 1.00000000e-04],[0.63486823 0.49117788 0.6354697  0.38232675],[0.81890554 0.00389623 0.01696252 0.16023571],109.75144089893521,227.50288179787043,241.5887254693194
160,"[2.8604559370182177, 0.5093359036002413, 0.5127986080734238, 1.6180177052333964]",[1.77187551e+00 8.28216687e-02 1.00000000e-04 3.99990000e+00],[0.62901105 0.33617323 0.63579859 0.18989175],[0.42213019 0.0074509  0.56616979 0.00424912],107.1606847250513,222.3213694501026,236.4072131215516
161,"[0.3630553079684479, 0.5862997881866886, 0.047471614273655524, 2.138182231647974]",[0.20868324 0.69936008 0.26499794 2.11015553],[0.5475837  0.47073686 0.6251749  0.59953798],[1.99999915e-05 9.96795828e-01 8.05183346e-15 3.18417222e-03],171.61079201548745,351.2215840309749,365.30742770242387
162,"[0.38357289471831874, 0.5537757425252291, 0.5791775440409451, 0.24879752446948117]",[1.461746   0.08977871 0.09576866 0.23017348],[0.60777641 0.52370778 0.58548343 0.24200117],[8.97244937e-02 3.28274776e-01 5.81998386e-01 2.34375758e-06],140.05793015624855,288.1158603124971,302.20170398394606
163,"[1.5313886387472213, 0.5815703980174393, 0.09872083720458912, 0.7088160515097499]",[4.99990000e+00 4.84124532e-04 1.58875786e-01 5.22560417e-01],[0.01214094 0.00511942 0.01216875 0.0052965 ],[0.34284268 0.15705546 0.3365695  0.16353235],143.82877189235685,295.6575437847137,309.7433874561627
164,"[0.07847816620219909, 0.7017181920530455, 0.048949309851676184, 3.3920071206163986]",[1.54048896 0.18327443 0.9999     3.22899032],[0.3790157  0.26204345 0.52608167 0.28649326],[5.27200145e-01 1.05012781e-05 3.31898301e-01 1.40891052e-01],119.44476274511013,246.88952549022025,260.9753691616692
165,"[2.2953835078471787, 0.6682767872687679, 0.29529513651681666, 3.323830248776246]",[1.85842439e+00 2.62178128e-01 1.59574738e-02 1.00000000e-04],[0.63031972 0.27630838 0.1761947  0.32446477],[9.74625123e-01 1.09935930e-18 1.16168714e-18 2.53748775e-02],70.61912956317859,149.23825912635718,163.32410279780618
166,"[4.913523679157509, 0.44505847209189753, 0.9503758272861936, 3.805170865268985]",[1.81093927e+00 1.03758521e-01 9.99900000e-01 1.00000000e-04],[0.45235373 0.14613746 0.55760277 0.11539602],[5.24380498e-01 6.66594826e-04 4.74913669e-01 3.92374431e-05],82.38903494811021,172.77806989622042,186.86391356766939
167,"[4.702271850894747, 0.46249906307458094, 0.7983803789610083, 3.4182345980698203]",[3.86101639e+00 1.74753018e-04 4.11034496e-01 1.00000000e-04],[0.00622135 0.00219748 0.00367042 0.00068939],[0.47444962 0.18998905 0.27032353 0.0652378 ],114.21503873337072,236.43007746674144,250.51592113819044
168,"[1.914184916809347, 0.14032352631152534, 0.15896922463537502, 0.9894277657969196]",[4.79117826e+00 1.00000000e-04 2.60480696e-01 1.00000000e-04],[0.00384327 0.00129318 0.00174397 0.00111573],[0.47390419 0.16318506 0.18467904 0.1782317 ],139.36076795507438,286.72153591014876,300.80737958159773
169,"[1.5735329604974582, 0.24278855775448327, 0.4782614962188367, 1.764950873786545]",[1.59458463 0.10574378 0.17851464 3.9999    ],[0.51471786 0.09151155 0.59286237 0.0650018 ],[6.27238144e-01 3.92880773e-08 3.72761783e-01 3.33069112e-08],101.08975223964848,210.17950447929695,224.26534815074592
170,"[4.704106327845995, 0.3414010054680872, 0.2709885361200465, 2.0771863584991594]",[4.15341078e+00 3.40971170e-04 9.98954744e-01 2.03895239e+00],[0.         0.01231931 0.00224831 0.01026115],[0.00786843 0.50038403 0.08743644 0.40431109],80.48593468323429,168.97186936646858,183.05771303791755
171,"[3.255416426923404, 0.15096797289515215, 0.14121809695606624, 1.002794113963499]",[1.27704966 0.21140619 0.38215451 3.9999    ],[0.43070348 0.40742251 0.61058225 0.29389988],[5.19400751e-01 1.74151454e-01 3.06447792e-01 2.81596741e-09],142.79161914810717,293.58323829621435,307.6690819676633
172,"[4.6059198593521975, 0.23165781756167647, 0.8045936571006063, 0.996273055727895]",[4.99990000e+00 5.32434747e-04 8.84559320e-02 1.00000000e-04],[0.00972319 0.01065829 0.01606456 0.00611194],[0.22898552 0.27876277 0.34635653 0.14589518],133.7668328452445,275.533665690489,289.61950936193796
173,"[1.1939524628777696, 0.013438944967968094, 0.5498815850969109, 0.161147362517202]",[1.15566866e+00 1.00000000e-04 9.99900000e-01 1.00000000e-04],[0.00428737 0.00062524 0.00136048 0.00097338],[0.56090813 0.09831809 0.17428593 0.16648784],157.1106472146228,322.2212944292456,336.30713810069454
174,"[1.9571781956476526, 0.22006702408460116, 0.011466142484128144, 2.942574671379138]",[4.99990000e+00 2.46005110e-04 1.00000000e-04 1.46889261e+00],[0.00572434 0.00386363 0.00481348 0.00366108],[0.29224206 0.22301304 0.25373723 0.23100767],170.24879514294523,348.49759028589045,362.5834339573394
175,"[0.45127777429580257, 0.09773796744249126, 0.428893259224433, 0.43805173646815193]",[3.27738510e-01 9.48521759e-01 9.99879898e-01 1.00000000e-04],[0.66225508 0.60368679 0.5438528  0.25588688],[1.76743356e-08 9.51046401e-01 4.89469090e-02 6.67261347e-06],170.16240667281824,348.32481334563647,362.41065701708544
176,"[2.963856760517267, 0.11091603564936126, 0.46612412857393015, 0.1940582648738885]",[2.12565869e+00 1.43490415e-02 1.00000000e-04 1.41668115e+00],[0.23489197 0.13545763 0.22703854 0.12272658],[0.37210796 0.14294746 0.34855802 0.13638656],163.79739186072797,335.59478372145594,349.6806273929049
177,"[0.10404521112616287, 0.1691344485344538, 0.809557124383687, 3.357306307985366]",[4.99990000e+00 3.92424830e-04 2.47056374e-01 1.00000000e-04],[0.01334755 0.00559848 0.01399803 0.00414786],[0.3609877  0.1460515  0.37648822 0.11647258],111.4734291565041,230.9468583130082,245.03270198445716
178,"[0.9317219181349214, 0.2637535267204693, 0.498274836097238, 2.857826227336311]",[9.32629249e-01 7.76743086e-02 4.02338833e-04 1.00000000e-04],[0.57955748 0.44058517 0.57531989 0.36945366],[0.45539878 0.264893   0.12920585 0.15050237],169.4859741572527,346.9719483145054,361.0577919859544
179,"[3.9526006766767634, 0.45338398998819185, 0.7641177237867172, 0.6347824121572865]",[1.22552087e+00 3.16242951e-01 2.59336573e-01 1.00000000e-04],[0.42872911 0.46942865 0.54632215 0.27019379],[0.33340816 0.05139532 0.60418304 0.01101348],143.23538822697074,294.4707764539415,308.55662012539045
180,"[4.570633698787288, 0.02775819357457774, 0.8077944554345687, 3.6731045039789407]",[1.21593413e+00 6.28735719e-01 9.99900000e-01 1.00000000e-04],[0.73705185 0.49153437 0.82787331 0.54801755],[0.35247413 0.00164689 0.62949494 0.01638403],134.25127187229174,276.5025437445835,290.58838741603245
181,"[4.109214893599053, 0.9002264873081613, 0.3092659680076527, 1.6789487684662616]",[1.77743323 0.18124658 0.9999     1.51704471],[0.46482269 0.36089141 0.57440504 0.22367618],[4.70834961e-04 4.68790978e-01 5.30296369e-01 4.41818450e-04],91.25058636769742,190.50117273539485,204.58701640684382
182,"[3.38880832945029, 0.3513930567722254, 0.46189622374181666, 2.114113696831179]",[1.61801873e+00 5.45073590e-02 1.00000000e-04 3.99990000e+00],[0.44676165 0.26772058 0.49820094 0.29588195],[0.3585847  0.13987369 0.42567054 0.07587107],153.88053992093418,315.76107984186837,329.84692351331734
183,"[2.499343457032221, 0.029239172604425698, 0.8122933879091875, 2.664470975555252]",[1.65321840e+00 5.80298621e-02 9.99900000e-01 1.00000000e-04],[0.73952204 0.48246694 0.64280179 0.23816259],[0.60072423 0.03053008 0.35795202 0.01079366],129.60083652583774,267.20167305167547,281.28751672312444
184,"[1.8671063974873852, 0.6697227747974754, 0.27602367249284476, 2.397094985644067]",[9.08297180e-01 1.16284202e-01 2.74956543e-04 9.89210737e-02],[0.64820173 0.47005689 0.73572086 0.36592192],[0.43031165 0.25576113 0.30391899 0.01000824],167.66248918484587,343.32497836969173,357.4108220411407
185,"[3.2935818767152525, 0.21342406214094226, 0.5059143453038917, 2.9593718441273067]",[1.94244661 0.19627078 0.99180871 3.9999    ],[0.55672583 0.16139777 0.5739952  0.19988706],[3.61480027e-01 1.95254351e-11 6.38519973e-01 1.34987223e-11],70.39554072443029,148.79108144886058,162.87692512030958
186,"[1.0978740384485943, 0.6204016058339433, 0.5505963998062186, 2.5133664724099396]",[4.99990000e+00 2.60207222e-04 9.91128196e-01 3.99990000e+00],[0.00572995 0.00373809 0.00706099 0.00307504],[0.2851141  0.20402709 0.29936269 0.21149612],165.54765647752365,339.0953129550473,353.18115662649626
187,"[1.2699764409188623, 0.911295826481128, 0.15335446108218365, 0.5687974994903128]",[1.85624181e+00 2.41347462e-02 8.09282841e-01 1.00000000e-04],[0.43265655 0.17863988 0.31837651 0.11032676],[0.56231786 0.06715408 0.33935588 0.03117217],117.54537402731555,243.0907480546311,257.17659172608006
188,"[4.442291718577939, 0.22197813289138105, 0.060017396839423406, 3.869691426245074]",[2.44146160e+00 1.00000000e-04 9.99900000e-01 2.86576095e+00],[0.00494766 0.         0.00154277 0.00096487],[0.65953293 0.00719341 0.1884726  0.14480106],91.04190257450803,190.08380514901606,204.16964882046506
189,"[0.11895202659115134, 0.8429506073272598, 0.8679723444657065, 1.4804889119177709]",[0.24218148 0.92640739 0.87481454 1.47981185],[0.4471908  0.550192   0.62900458 0.43039612],[1.99295985e-15 9.99572283e-01 4.27716929e-04 1.35825086e-31],171.29281699992268,350.58563399984536,364.6714776712943
190,"[0.7982396705236132, 0.3796832408969218, 0.24440003293182316, 1.9441076522301426]",[4.14075526e+00 1.00000000e-04 5.51043074e-01 1.86858585e-02],[0.00303862 0.00077649 0.0035863  0.00021907],[0.38522489 0.11112153 0.46663029 0.03702329],89.16533101102749,186.33066202205498,200.41650569350395
191,"[1.3824852824145772, 0.9106212909397212, 0.03314801631943164, 3.217116222517697]",[0.69949196 0.26683746 0.12155756 3.9999    ],[0.64339639 0.41446392 0.60846307 0.30261058],[0.35262312 0.07146341 0.39117344 0.18474002],168.15376378587555,344.3075275717511,358.3933712432001
192,"[1.6129193704419946, 0.6219834343505247, 0.3335392353666299, 0.9875895551861702]",[1.67470121e+00 1.36801529e-01 1.00000000e-04 3.99990000e+00],[0.614303   0.45209867 0.64823908 0.30556669],[0.17730879 0.28341824 0.48940864 0.04986433],120.89651262734917,249.79302525469834,263.87886892614733
193,"[1.5929775188262707, 0.13051420144159603, 0.6107952300336973, 1.717347151277294]",[4.71222951e+00 1.00000000e-04 9.99805017e-01 3.99990000e+00],[0.00316083 0.00176618 0.000954   0.0008849 ],[0.4096273  0.28331286 0.14186125 0.16519859],169.8097340973632,347.6194681947264,361.70531186617535
194,"[3.7548633487673753, 0.10572142532441547, 0.729213642513042, 1.6827488985423267]",[1.47139194e+00 9.37599631e-02 9.99900000e-01 1.00000000e-04],[0.61027034 0.32738523 0.63570386 0.29546317],[0.34881015 0.02656702 0.62398976 0.00063306],131.14037000059153,270.28074000118306,284.36658367263203
195,"[1.445111826335967, 0.11770789946322681, 0.20176021746781517, 3.6601279765863284]",[1.20457738e+00 2.73766532e-01 6.50608096e-01 1.00000000e-04],[0.45322505 0.36073044 0.54889951 0.28460068],[8.30452199e-01 1.46015974e-02 1.54946204e-01 1.79196839e-11],138.65106159611435,285.3021231922287,299.38796686367766
196,"[2.789870096229015, 0.24483951725819292, 0.9760044698351081, 0.5460326156777242]",[6.30379600e-01 5.04464236e-01 1.00000000e-04 3.99990000e+00],[0.50559316 0.37208132 0.6474691  0.38914021],[9.98414097e-01 6.48082675e-13 1.58590310e-03 2.16897923e-11],161.4248590260128,330.8497180520256,344.93556172347456
197,"[0.3644548665764407, 0.20904334108867578, 0.17664694317490967, 1.422300109827934]",[2.97792288e+00 3.53027568e-04 9.99900000e-01 2.35155038e+00],[0.00836161 0.0024912  0.01144404 0.00121225],[0.36485298 0.12028841 0.4699792  0.04487941],147.19280694331542,302.38561388663084,316.4714575580798
198,"[3.2055987780696746, 0.5029410084246435, 0.010409220921176151, 1.805958637767466]",[3.28539692e+00 2.08756726e-04 2.24521384e-01 1.00000000e-04],[0.00527222 0.00242119 0.00596325 0.00181279],[0.32549402 0.18973129 0.35571895 0.12905573],151.53754674607558,311.07509349215115,325.1609371636001
199,"[1.9029887074369958, 0.970601919781392, 0.5885421975914793, 0.9825141443208245]",[1.48380694 0.15038166 0.92221467 3.59298607],[0.65896083 0.34272418 0.61713743 0.24388812],[6.22902904e-01 9.79268398e-08 3.77093896e-01 3.10213231e-06],110.10850954015328,228.21701908030656,242.30286275175553
200,"[3.913021190786148, 0.4361018142359738, 0.730061886618495, 0.9902088743417228]",[1.05863748 0.27518497 0.35072702 3.92052834],[0.33822181 0.34764368 0.44824067 0.44935546],[2.97317386e-01 1.32861491e-01 4.75490389e-04 5.69345633e-01],151.1928947500279,310.3857895000558,324.4716331715048
201,"[0.20701596169291775, 0.4651605828575517, 0.1191145923007004, 1.0911279130869433]",[1.40081003e+00 4.12669284e-02 9.99900000e-01 1.00000000e-04],[0.23805594 0.41368658 0.53623453 0.14255771],[0.00928121 0.45098701 0.53490986 0.00482192],137.8015550882253,283.6031101764506,297.6889538478996
202,"[2.047649736899412, 0.11619990457781014, 0.16245944230045492, 2.0593698441482258]",[4.99990000e+00 1.90691594e-04 1.30345236e-01 1.00000000e-04],[0.00590634 0.00176555 0.00614018 0.00203949],[0.36186372 0.14169389 0.35518252 0.14125987],148.61310713085558,305.22621426171116,319.31205793316013
203,"[1.1403725460289873, 0.3085314264652571, 0.6791821541976094, 3.9190743588224755]",[8.47565750e-01 3.96919893e-02 1.00000000e-04 3.99990000e+00],[0.48436109 0.39700055 0.37374387 0.21861663],[0.38925796 0.24886595 0.24362976 0.11824632],171.45334467156408,350.90668934312816,364.99253301457713
204,"[1.4853421760624002, 0.5806094285238081, 0.8163624582602637, 0.2471774341247089]",[4.99990000e+00 2.92428148e-04 7.20527850e-02 1.00000000e-04],[0.01048665 0.00509204 0.00475443 0.00299505],[0.42412182 0.2237786  0.19162085 0.16047873],145.89008739853355,299.7801747970671,313.8660184685161
205,"[4.488591663045182, 0.02994933310412497, 0.8642552779917271, 3.497905506802902]",[4.99990000e+00 1.30935493e-03 9.76790124e-01 3.99990000e+00],[0.01669923 0.02001384 0.02321533 0.01367733],[0.19903372 0.31488763 0.27121591 0.21486275],146.87551313521706,301.7510262704341,315.8368699418831
206,"[0.6500982488582852, 0.2231936552457224, 0.2516376313702434, 0.8077173210144132]",[1.15811402 0.08468651 0.95881472 3.9999    ],[0.56482286 0.18398758 0.58599469 0.05855074],[6.69414736e-01 7.22621520e-04 3.29824911e-01 3.77313520e-05],140.5871736046647,289.1743472093294,303.2601908807784
207,"[0.2101292062847521, 0.06815102715545655, 0.8808972960660342, 1.981360489584421]",[1.61501799 0.15829909 0.0677111  2.18529473],[0.55503261 0.53674715 0.6442234  0.40514234],[0.13306687 0.06411768 0.63807517 0.16474027],130.61331660156833,269.22663320313666,283.3124768745856
208,"[2.298235751050519, 0.19851686334639523, 0.26713500799401585, 2.4201792623776783]",[1.31739424e+00 1.15691805e-01 5.27219832e-04 1.00000000e-04],[0.56120068 0.45976834 0.55750975 0.34749408],[0.66859417 0.11200292 0.20796744 0.01143547],157.97206681416634,323.9441336283327,338.02997729978165
209,"[1.9670222395445078, 0.5488781284751109, 0.9906161744510388, 0.1369097902270094]",[9.82845156e-01 5.69511570e-02 9.99900000e-01 1.00000000e-04],[0.57230321 0.31907348 0.52248803 0.36724465],[0.34974914 0.07023209 0.3552747  0.22474407],167.00546887105875,342.0109377421175,356.0967814135665
210,"[3.77505561729429, 0.1658839809587664, 0.2863771661479738, 0.6516509137622151]",[4.99990000e+00 3.57047724e-04 4.65787382e-02 1.00000000e-04],[0.01031303 0.00451479 0.00876655 0.00463982],[0.34218793 0.17701391 0.29491063 0.18588753],154.16677383151062,316.33354766302125,330.4193913344702
211,"[4.305205117162635, 0.8588664861048491, 0.6921998564377009, 1.979521801498152]",[4.99990000e+00 5.56089498e-04 1.00000000e-04 1.90361321e+00],[0.00827343 0.01128971 0.00857656 0.01085557],[0.23741408 0.2785241  0.21312693 0.27093489],166.81338990589492,341.62677981178985,355.7126234832388
212,"[0.4608172330557652, 0.11365270908142219, 0.5143577864345305, 1.7720197024552122]",[4.99990000e+00 1.82410610e-04 5.04166928e-01 1.00000000e-04],[0.00868181 0.00049299 0.00410728 0.00060336],[0.60746792 0.05672981 0.27178029 0.06402199],76.12780423882079,160.25560847764157,174.34145214909057
213,"[3.3577372551808837, 0.2243419466712513, 0.7156969949173564, 0.7467020991828021]",[4.99990000e+00 4.25895292e-04 1.10107696e-01 1.00000000e-04],[0.00956278 0.00423177 0.01243349 0.00364925],[0.33107777 0.1577352  0.36929103 0.141896  ],132.1747413384517,272.3494826769034,286.43532634835236
214,"[1.0695624147646072, 0.3771019658042788, 0.5899088574232076, 3.8703618174148815]",[1.13246174 0.32358031 0.17565528 3.9999    ],[0.39069583 0.53663421 0.47077308 0.38699891],[7.01450896e-04 1.38630551e-01 8.60667998e-01 1.17015157e-11],140.8542898141129,289.7085796282258,303.79442329967475
215,"[3.8155704473359875, 0.1501902119199331, 0.737490070475069, 1.1201739719404282]",[1.09969339e+00 1.93361390e-01 1.00000000e-04 3.99990000e+00],[0.49065183 0.36916559 0.59951807 0.42097103],[0.12132261 0.07937351 0.7810048  0.01829908],159.66564655158103,327.33129310316207,341.41713677461104
216,"[0.8899801032971137, 0.8238165546730278, 0.9933589575834672, 3.4850310367094446]",[1.46222773 0.04131641 0.99527677 3.9999    ],[0.51565388 0.02196988 0.51290339 0.01239939],[6.47577134e-01 2.10362496e-04 3.52113971e-01 9.85330656e-05],111.58739152661249,231.17478305322498,245.26062672467395
217,"[0.8059495467728172, 0.2677002540383039, 0.6482178261283118, 0.34345793318476436]",[4.44409564e+00 1.00000000e-04 7.33676370e-02 1.00000000e-04],[0.00204461 0.00182263 0.00249042 0.00130354],[0.2518727  0.25915044 0.28893308 0.20004377],168.8630470734761,345.7260941469522,359.8119378184012
218,"[4.817389025815154, 0.4183235120067207, 0.7179059238678644, 1.362261417516831]",[1.33831356 0.22642781 0.03996572 2.96557125],[0.65140098 0.44708475 0.54094903 0.38208192],[0.47742286 0.02586488 0.24327212 0.25344014],151.71586130461765,311.4317226092353,325.51756628068426
219,"[1.9983053431027549, 0.5739008369417254, 0.3285691198110405, 2.2893491266816053]",[1.33555264e+00 1.67052093e-01 9.99900000e-01 1.00000000e-04],[0.39509684 0.31822445 0.41178291 0.21217862],[2.70373680e-01 1.20372983e-01 6.09253337e-01 2.67001414e-10],135.63686883758268,279.27373767516536,293.35958134661433
220,"[4.004503352943112, 0.6141761052418384, 0.9326783446774785, 1.2310417030890457]",[1.26604467 0.06595506 0.98012173 2.00205799],[0.42306448 0.49268431 0.61177668 0.19782928],[0.49635306 0.29118641 0.1344878  0.07797273],142.78338812311435,293.5667762462287,307.65261991767767
221,"[0.37601706826573783, 0.5893136783616278, 0.9333214941226095, 0.10833497344800062]",[4.74323225e+00 1.00000000e-04 5.33068152e-01 1.00000000e-04],[0.00465928 0.00012898 0.00257037 0.00025874],[0.62948343 0.02785006 0.29384843 0.04881808],82.37343251475075,172.7468650295015,186.8327087009505
222,"[1.5856618304722554, 0.25767948311645916, 0.7245410870702126, 0.5074269326790976]",[2.04324722e+00 4.17032082e-02 2.02352762e-01 1.00000000e-04],[0.51033549 0.19811135 0.50239888 0.08606461],[0.64701604 0.0073975  0.34214403 0.00344243],97.53226509948327,203.06453019896654,217.15037387041554
223,"[3.3494070168007894, 0.2933275180383695, 0.03732482198356269, 0.8997878825082976]",[4.92082221e+00 1.00000000e-04 1.16894152e-01 1.00000000e-04],[0.00364104 0.00116823 0.00159992 0.00066313],[0.46818403 0.19150477 0.21266069 0.12765051],156.58077982040723,321.16155964081446,335.24740331226343
224,"[0.18819095350083598, 0.4562865013741435, 0.10274573540228471, 0.38081417094143005]",[2.34347367e+00 1.00000000e-04 3.33212217e-01 1.00000000e-04],[0.00358873 0.00106687 0.0019883  0.00060933],[0.48840268 0.18326032 0.25219538 0.07614161],146.1350406901799,300.2700813803598,314.35592505180875
225,"[2.4496386743429643, 0.7620358840125316, 0.44302815618931884, 1.662141658036125]",[4.99990000e+00 3.16614975e-04 9.98076874e-01 3.99990000e+00],[0.00779191 0.0044784  0.00729302 0.00516346],[0.30167757 0.19455253 0.26646734 0.23730255],164.75503775316042,337.51007550632085,351.5959191777698
226,"[4.805605347819441, 0.6760989744852138, 0.0835368718947743, 1.2242053332228533]",[4.82057177e+00 1.00000000e-04 7.73749965e-01 4.53502661e-01],[0.0038062  0.00038877 0.00380626 0.00047114],[0.44380602 0.06322587 0.43680074 0.05616738],139.95872802101658,287.91745604203317,302.00329971348214
227,"[2.7370337356099332, 0.06748085828873715, 0.19700612020900923, 0.7663442463919145]",[1.43508083 0.20926212 0.9999     0.00452055],[0.4512328  0.44912843 0.47020408 0.24061404],[4.70358663e-02 2.66711613e-01 6.86251785e-01 7.35960145e-07],119.94297156798794,247.88594313597588,261.97178680742485
228,"[3.405623175434561, 0.059561259920472974, 0.8006967304570705, 3.1226577918266267]",[1.04684246e+00 4.75267412e-02 9.99900000e-01 1.00000000e-04],[0.51993027 0.47276922 0.49410317 0.27793201],[0.24718698 0.38858902 0.28929267 0.07493134],169.4269096916009,346.8538193832018,360.9396630546508
229,"[0.16441004355935832, 0.66138271852471, 0.5808594880166281, 0.6248146513110765]",[1.73340374 0.03915081 0.9999     0.58568902],[0.44829879 0.18918984 0.47359862 0.00883526],[2.85308080e-01 3.86853316e-01 3.27570260e-01 2.68344902e-04],98.55284291451673,205.10568582903346,219.19152950048243
230,"[4.034685941500011, 0.8182967304241052, 0.27861961075675373, 0.6667481201336679]",[2.92038244e+00 2.05294299e-03 3.99650901e-01 1.00000000e-04],[0.05371983 0.02589265 0.07780551 0.00681725],[0.34037136 0.14721456 0.47510689 0.03730719],103.91369984938603,215.82739969877207,229.91324337022104
231,"[2.902033176717514, 0.7094683541711658, 0.08836732409888418, 0.9532931953727144]",[1.57047905e+00 1.78199731e-01 1.00000000e-04 3.99990000e+00],[0.6139588  0.33112349 0.58419731 0.31351653],[0.70294146 0.00503723 0.28111687 0.01090444],143.6029227768683,295.2058455537366,309.29168922518556
232,"[1.8796217092261487, 0.5951683957347019, 0.3104147901938222, 0.08012828281234952]",[1.69468493e+00 6.09259086e-02 4.25846675e-01 1.00000000e-04],[0.52831301 0.37422401 0.45575519 0.32016883],[0.58811281 0.04721358 0.19365241 0.1710212 ],138.73128462777805,285.4625692555561,299.5484129270051
233,"[2.2557566339163144, 0.9768134837025756, 0.5452117200303024, 2.117201935188246]",[2.21760878e+00 2.92601853e-01 9.99900000e-01 1.00000000e-04],[0.33948418 0.44709932 0.49186511 0.02627   ],[4.07984901e-02 3.70828077e-01 5.88373433e-01 1.29323286e-23],45.627515930530954,99.25503186106191,113.34087553251089
234,"[3.7587422015233107, 0.2337662435960586, 0.7277343994487813, 2.7452167622603816]",[1.54053510e+00 6.40608886e-02 9.99900000e-01 1.00000000e-04],[0.47017444 0.34503141 0.3263881  0.44075996],[0.13222057 0.24158292 0.16516892 0.46102759],144.25528880882092,296.51057761764184,310.5964212890908
235,"[1.754562260560036, 0.43796243151947584, 0.970744668460756, 3.725542860532955]",[4.99990000e+00 9.41264255e-04 6.62339813e-01 2.39464830e-01],[0.04635014 0.         0.02202642 0.00344322],[0.65813377 0.00650907 0.29600065 0.03935652],26.042021364474827,60.084042728949655,74.16988640039864
236,"[4.642060769756452, 0.26535677799759744, 0.7751867423813898, 0.9856272271064722]",[3.53754616e+00 1.00000000e-04 3.46819756e-01 1.00000000e-04],[0.0024835  0.00078865 0.00270975 0.00053355],[0.36427496 0.13582454 0.36407043 0.13583007],137.98818466608193,283.97636933216387,298.06221300361284
237,"[1.8662055529953194, 0.6738036116274895, 0.55555664084032, 0.4491872486669724]",[1.37821031e+00 3.39260229e-01 1.00000000e-04 9.15144328e-01],[0.50944064 0.28933529 0.59247306 0.22385411],[6.57806633e-01 3.60712461e-02 3.06122121e-01 1.44830662e-16],124.54669667712372,257.09339335424744,271.1792370256964
238,"[0.9789235587887287, 0.4613401666793068, 0.764493561090111, 1.462952133078339]",[1.7550113e+00 1.0000000e-04 9.9990000e-01 1.0000000e-04],[4.55427828e-03 1.56115123e-04 2.33756653e-03 1.83031336e-05],[0.62179692 0.04039818 0.317653   0.02015191],88.57509096410872,185.15018192821745,199.23602559966645
239,"[2.5854738626454936, 0.5866436736977223, 0.7155068621529131, 2.572920697645422]",[3.40302094e+00 2.32362875e-03 9.70364414e-01 3.99990000e+00],[0.05681999 0.04026667 0.0696966  0.02404221],[0.28222019 0.22465786 0.35257038 0.14055157],151.07876842401285,310.1575368480257,324.24338051947467
240,"[0.17615812832967884, 0.8501702923603651, 0.5547827876386585, 1.0135224289535048]",[0.92411633 0.10769201 0.9999     0.78463191],[0.48175978 0.45983441 0.61968764 0.37423332],[0.00165695 0.57555369 0.00817191 0.41461746],164.07429246731132,336.14858493462265,350.2344286060716
241,"[4.917580790182667, 0.34479304597311167, 0.15899319725862143, 3.737488202727944]",[1.193825   0.11164237 0.99756365 3.99963609],[0.6190133  0.34667263 0.5991982  0.40046989],[0.62183543 0.00659674 0.32298831 0.04857952],141.525381451403,291.050762902806,305.136606574255
242,"[1.9475149080439553, 0.20140965346962203, 0.6886387118247257, 3.7308746113790017]",[4.99990000e+00 2.06523577e-03 1.00000000e-04 1.94235795e+00],[6.06769702e-02 3.43451902e-05 6.72005660e-02 6.94946284e-04],[0.47659331 0.0176991  0.4757128  0.0299948 ],45.535271826244085,99.07054365248817,113.15638732393715
243,"[3.5106466951116846, 0.29265753434326874, 0.09692838780185885, 0.9821174206103187]",[1.35255481 0.0790392  0.83482806 1.62732315],[0.55632107 0.25830285 0.40376108 0.36290245],[0.7715634  0.00157786 0.10673389 0.12012486],146.08150807867185,300.1630161573437,314.24885982879266
244,"[1.7840599270922273, 0.9129751583450664, 0.13985349392474797, 0.8206750470902596]",[1.65354845e+00 8.37807303e-02 1.00000000e-04 2.79039739e+00],[0.54864814 0.32395525 0.60171338 0.21538821],[0.5301297  0.07158571 0.37577277 0.02251182],135.16331616601678,278.32663233203357,292.41247600348254
245,"[3.9636819685197904, 0.731397431977341, 0.21886758684393023, 0.03324404427266133]",[1.07148405e+00 3.86348732e-01 3.94903475e-03 1.00000000e-04],[0.5898567  0.51671066 0.42706814 0.30267674],[0.54414329 0.02337141 0.42676221 0.00572309],153.10358357163813,314.20716714327625,328.2930108147252
246,"[1.8252430372456925, 0.024016492007263662, 0.3166518081681193, 2.4094817043493912]",[1.84029095e+00 1.07970293e-01 8.86601263e-01 1.00000000e-04],[0.50459898 0.17869579 0.4795839  0.19614475],[6.73362348e-01 1.30956432e-02 3.13525678e-01 1.63302610e-05],77.17235882781247,162.34471765562495,176.43056132707392
247,"[4.803013159169978, 0.8665720262310509, 0.15714607656312368, 1.0406010470361868]",[1.61523252e+00 4.78281311e-01 9.90185962e-03 1.00000000e-04],[0.29921323 0.25332647 0.71718211 0.16091641],[4.99006856e-01 4.20966359e-05 5.00948845e-01 2.20231887e-06],97.72148890556377,203.44297781112755,217.52882148257652
